collection_grades,product_name_raw,publisher_raw,copyright_year_raw,subject,product_type_usage,grade,product_identifier,subject_level1,product_type,product_name,series,supplier_name,copyright_year,intended_grades,series_program_string,expected_product_identifier
"K,1,2,3,4,5",Dreamscape,,,ELA,Supplemental,1,2ee42bc0f6ef99a218a911c9ba701878ac9ee94b9682a8b4df60d33420d35305,ELA,Supplemental,Dreamscape,,Eyeread,,8-Feb, - Dreamscape (Eyeread) -  - (2-8),2ee42bc0f6ef99a218a911c9ba701878ac9ee94b9682a8b4df60d33420d35305
"3,4",dreamscape,,,ELA,Supplemental,4,2ee42bc0f6ef99a218a911c9ba701878ac9ee94b9682a8b4df60d33420d35305,ELA,Supplemental,Dreamscape,,Eyeread,,8-Feb, - Dreamscape (Eyeread) -  - (2-8),2ee42bc0f6ef99a218a911c9ba701878ac9ee94b9682a8b4df60d33420d35305
"9,10,11,12",Dreamscape,,,ELA,Supplemental,12,2ee42bc0f6ef99a218a911c9ba701878ac9ee94b9682a8b4df60d33420d35305,ELA,Supplemental,Dreamscape,,Eyeread,,8-Feb, - Dreamscape (Eyeread) -  - (2-8),2ee42bc0f6ef99a218a911c9ba701878ac9ee94b9682a8b4df60d33420d35305
"6,7,8",Dreamscape,,,ELA,Supplemental,6,2ee42bc0f6ef99a218a911c9ba701878ac9ee94b9682a8b4df60d33420d35305,ELA,Supplemental,Dreamscape,,Eyeread,,8-Feb, - Dreamscape (Eyeread) -  - (2-8),2ee42bc0f6ef99a218a911c9ba701878ac9ee94b9682a8b4df60d33420d35305
"9,10,11,12",21st Century Communications,National geographic,,ELA,Core Curriculum,12,4eccc8d16c90e873a0f6a525972c06990b538757b9f25a9fcbcc97ccdfc707da,ELA,Core Curriculum,21st Century Communication,21st Century Communication,National Geographic Learning/Cengage,2017,12-Sep,21st Century Communication - 21st Century Communication (National Geographic Learning/Cengage) - 2017 - (9-12),4eccc8d16c90e873a0f6a525972c06990b538757b9f25a9fcbcc97ccdfc707da
"9,10,11,12",National Geographic,,,ELA,Supplemental,9,4eccc8d16c90e873a0f6a525972c06990b538757b9f25a9fcbcc97ccdfc707da,ELA,Core Curriculum,21st Century Communication,21st Century Communication,National Geographic Learning/Cengage,2017,12-Sep,21st Century Communication - 21st Century Communication (National Geographic Learning/Cengage) - 2017 - (9-12),4eccc8d16c90e873a0f6a525972c06990b538757b9f25a9fcbcc97ccdfc707da
"9,10,11,12",40 Model Essays,BFW,2005,ELA,Core Curriculum,12,24644eb435978a8b1440303eb6cb805adcd8a9286100afd358b6434014c0bae3,ELA,Core Curriculum,40 Model Essays,40 Model Essays,"Bedford, Freeman & Worth",2005,12-Sep,"40 Model Essays - 40 Model Essays (Bedford, Freeman & Worth) - 2005 - (9-12)",24644eb435978a8b1440303eb6cb805adcd8a9286100afd358b6434014c0bae3
"K,1,2,3,4,5",50 Essays,,,ELA,Core Curriculum,5,14e89d97781a382d4d7d39f97097c4db27b095f54b8495056234cbef545e430d,ELA,Core Curriculum,50 Essays Anthology,50 Essays,"Bedford, Freeman & Worth",2020,12-Sep,"50 Essays - 50 Essays Anthology (Bedford, Freeman & Worth) - 2020 - (9-12)",14e89d97781a382d4d7d39f97097c4db27b095f54b8495056234cbef545e430d
"9,10,11,12",50 essays,BFW,2020,ELA,Core Curriculum,10,14e89d97781a382d4d7d39f97097c4db27b095f54b8495056234cbef545e430d,ELA,Core Curriculum,50 Essays Anthology,50 Essays,"Bedford, Freeman & Worth",2020,12-Sep,"50 Essays - 50 Essays Anthology (Bedford, Freeman & Worth) - 2020 - (9-12)",14e89d97781a382d4d7d39f97097c4db27b095f54b8495056234cbef545e430d
"9,10,11,12",75 Readings: An Anthology,,,ELA,Core Curriculum,10,5062be569b35768ee428b6144a8fdbcd4670b989e54b71cdfdc7f6a54b1f7dc0,ELA,Core Curriculum,75 Readings: An Anthology,75 Readings: An Anthology,McGraw Hill Education,2013,12-Sep,75 Readings: An Anthology - 75 Readings: An Anthology (McGraw Hill Education) - 2013 - (9-12),5062be569b35768ee428b6144a8fdbcd4670b989e54b71cdfdc7f6a54b1f7dc0
"3,4,5,6",95% Group,,,ELA,Supplemental,6,12b265c2200d5b64b72c26cf9828018f2f9b7904f0eb386b27b50435606404f4,ELA,Supplemental,95 Comprehension,95 Comprehension,95 Percent Group,2019,6-Mar,95 Comprehension - 95 Comprehension (95 Percent Group) - 2019 - (3-6),12b265c2200d5b64b72c26cf9828018f2f9b7904f0eb386b27b50435606404f4
"7,8",Reading Intervention 95% Group,,,ELA,Supplemental,7,12b265c2200d5b64b72c26cf9828018f2f9b7904f0eb386b27b50435606404f4,ELA,Supplemental,95 Comprehension,95 Comprehension,95 Percent Group,2019,6-Mar,95 Comprehension - 95 Comprehension (95 Percent Group) - 2019 - (3-6),12b265c2200d5b64b72c26cf9828018f2f9b7904f0eb386b27b50435606404f4
"K,1,2,3,4,5",95% InterventionPrograms,,,ELA,Core Curriculum,4,7cfb2f53f9d35259ded9f4ae9a12be65cbefe3156d53970e065cf628d1e3e013,ELA,Supplemental,95 Percent Group: Unspecified,95 Percent Group,95 Percent Group,,K-6,95 Percent Group - 95 Percent Group: Unspecified (95 Percent Group) -  - (K-6),7cfb2f53f9d35259ded9f4ae9a12be65cbefe3156d53970e065cf628d1e3e013
"K,1,2,3,4,5",95 Percent,,,ELA,Core Curriculum,K,7cfb2f53f9d35259ded9f4ae9a12be65cbefe3156d53970e065cf628d1e3e013,ELA,Supplemental,95 Percent Group: Unspecified,95 Percent Group,95 Percent Group,,K-6,95 Percent Group - 95 Percent Group: Unspecified (95 Percent Group) -  - (K-6),7cfb2f53f9d35259ded9f4ae9a12be65cbefe3156d53970e065cf628d1e3e013
"K,1,2,3,4,5",95 Percent,,,ELA,Core Curriculum,2,7cfb2f53f9d35259ded9f4ae9a12be65cbefe3156d53970e065cf628d1e3e013,ELA,Supplemental,95 Percent Group: Unspecified,95 Percent Group,95 Percent Group,,K-6,95 Percent Group - 95 Percent Group: Unspecified (95 Percent Group) -  - (K-6),7cfb2f53f9d35259ded9f4ae9a12be65cbefe3156d53970e065cf628d1e3e013
"6,7,8",95 Percent,,,ELA,Core Curriculum,6,7cfb2f53f9d35259ded9f4ae9a12be65cbefe3156d53970e065cf628d1e3e013,ELA,Supplemental,95 Percent Group: Unspecified,95 Percent Group,95 Percent Group,,K-6,95 Percent Group - 95 Percent Group: Unspecified (95 Percent Group) -  - (K-6),7cfb2f53f9d35259ded9f4ae9a12be65cbefe3156d53970e065cf628d1e3e013
"K,1,2,3,4,5",95% Core ELA,,,ELA,Core Curriculum,2,7cfb2f53f9d35259ded9f4ae9a12be65cbefe3156d53970e065cf628d1e3e013,ELA,Supplemental,95 Percent Group: Unspecified,95 Percent Group,95 Percent Group,,K-6,95 Percent Group - 95 Percent Group: Unspecified (95 Percent Group) -  - (K-6),7cfb2f53f9d35259ded9f4ae9a12be65cbefe3156d53970e065cf628d1e3e013
"K,1,2,3,4,5",95% Group,,,ELA,Supplemental,4,7cfb2f53f9d35259ded9f4ae9a12be65cbefe3156d53970e065cf628d1e3e013,ELA,Supplemental,95 Percent Group: Unspecified,95 Percent Group,95 Percent Group,,K-6,95 Percent Group - 95 Percent Group: Unspecified (95 Percent Group) -  - (K-6),7cfb2f53f9d35259ded9f4ae9a12be65cbefe3156d53970e065cf628d1e3e013
"K,1,2,3,4,5",95% Group,,,ELA,Supplemental,5,7cfb2f53f9d35259ded9f4ae9a12be65cbefe3156d53970e065cf628d1e3e013,ELA,Supplemental,95 Percent Group: Unspecified,95 Percent Group,95 Percent Group,,K-6,95 Percent Group - 95 Percent Group: Unspecified (95 Percent Group) -  - (K-6),7cfb2f53f9d35259ded9f4ae9a12be65cbefe3156d53970e065cf628d1e3e013
"K,1,2,3,4,5",95% Group,95 Percent Group,,ELA,Core Curriculum,5,7cfb2f53f9d35259ded9f4ae9a12be65cbefe3156d53970e065cf628d1e3e013,ELA,Supplemental,95 Percent Group: Unspecified,95 Percent Group,95 Percent Group,,K-6,95 Percent Group - 95 Percent Group: Unspecified (95 Percent Group) -  - (K-6),7cfb2f53f9d35259ded9f4ae9a12be65cbefe3156d53970e065cf628d1e3e013
"K,1,2,3,4,5",95% Group,95 Percent Group,,ELA,Core Curriculum,4,7cfb2f53f9d35259ded9f4ae9a12be65cbefe3156d53970e065cf628d1e3e013,ELA,Supplemental,95 Percent Group: Unspecified,95 Percent Group,95 Percent Group,,K-6,95 Percent Group - 95 Percent Group: Unspecified (95 Percent Group) -  - (K-6),7cfb2f53f9d35259ded9f4ae9a12be65cbefe3156d53970e065cf628d1e3e013
"6,7,8",95% Griyio,,,ELA,Supplemental,6,7cfb2f53f9d35259ded9f4ae9a12be65cbefe3156d53970e065cf628d1e3e013,ELA,Supplemental,95 Percent Group: Unspecified,95 Percent Group,95 Percent Group,,K-6,95 Percent Group - 95 Percent Group: Unspecified (95 Percent Group) -  - (K-6),7cfb2f53f9d35259ded9f4ae9a12be65cbefe3156d53970e065cf628d1e3e013
"K,1,2,3",95% Group Screener,,,ELA,Assessment,3,7cfb2f53f9d35259ded9f4ae9a12be65cbefe3156d53970e065cf628d1e3e013,ELA,Supplemental,95 Percent Group: Unspecified,95 Percent Group,95 Percent Group,,K-6,95 Percent Group - 95 Percent Group: Unspecified (95 Percent Group) -  - (K-6),7cfb2f53f9d35259ded9f4ae9a12be65cbefe3156d53970e065cf628d1e3e013
"K,1,2,3",95% Group Screener,,,ELA,Assessment,2,7cfb2f53f9d35259ded9f4ae9a12be65cbefe3156d53970e065cf628d1e3e013,ELA,Supplemental,95 Percent Group: Unspecified,95 Percent Group,95 Percent Group,,K-6,95 Percent Group - 95 Percent Group: Unspecified (95 Percent Group) -  - (K-6),7cfb2f53f9d35259ded9f4ae9a12be65cbefe3156d53970e065cf628d1e3e013
"K,1,2,3,4,5",95% Group,,,ELA,Core Curriculum,2,7cfb2f53f9d35259ded9f4ae9a12be65cbefe3156d53970e065cf628d1e3e013,ELA,Supplemental,95 Percent Group: Unspecified,95 Percent Group,95 Percent Group,,K-6,95 Percent Group - 95 Percent Group: Unspecified (95 Percent Group) -  - (K-6),7cfb2f53f9d35259ded9f4ae9a12be65cbefe3156d53970e065cf628d1e3e013
"1,2,3,4,5,6",95% Core Phonics,,,ELA,Core Curriculum,4,a9061381940ec54a97077cabcf6f4abe959eae4a1bd169de8a9f51aa63e6a30d,ELA,Supplemental,95 Phonics Core Program,95 Percent Group,95 Percent Group,2020,K-5,95 Percent Group - 95 Phonics Core Program (95 Percent Group) - 2020 - (K-5),a9061381940ec54a97077cabcf6f4abe959eae4a1bd169de8a9f51aa63e6a30d
"K,1,2,3,4,5",95% Core Phonics,,,ELA,Core Curriculum,4,a9061381940ec54a97077cabcf6f4abe959eae4a1bd169de8a9f51aa63e6a30d,ELA,Supplemental,95 Phonics Core Program,95 Percent Group,95 Percent Group,2020,K-5,95 Percent Group - 95 Phonics Core Program (95 Percent Group) - 2020 - (K-5),a9061381940ec54a97077cabcf6f4abe959eae4a1bd169de8a9f51aa63e6a30d
"K,1,2,3,4,5",95% Group Core,,,ELA,Core Curriculum,4,a9061381940ec54a97077cabcf6f4abe959eae4a1bd169de8a9f51aa63e6a30d,ELA,Supplemental,95 Phonics Core Program,95 Percent Group,95 Percent Group,2020,K-5,95 Percent Group - 95 Phonics Core Program (95 Percent Group) - 2020 - (K-5),a9061381940ec54a97077cabcf6f4abe959eae4a1bd169de8a9f51aa63e6a30d
"K,1,2,3,4,5",95% Phonics,,,ELA,Core Curriculum,1,a9061381940ec54a97077cabcf6f4abe959eae4a1bd169de8a9f51aa63e6a30d,ELA,Supplemental,95 Phonics Core Program,95 Percent Group,95 Percent Group,2020,K-5,95 Percent Group - 95 Phonics Core Program (95 Percent Group) - 2020 - (K-5),a9061381940ec54a97077cabcf6f4abe959eae4a1bd169de8a9f51aa63e6a30d
"K,1,2,3,4,5",95 Phonics,,,ELA,Core Curriculum,4,a9061381940ec54a97077cabcf6f4abe959eae4a1bd169de8a9f51aa63e6a30d,ELA,Supplemental,95 Phonics Core Program,95 Percent Group,95 Percent Group,2020,K-5,95 Percent Group - 95 Phonics Core Program (95 Percent Group) - 2020 - (K-5),a9061381940ec54a97077cabcf6f4abe959eae4a1bd169de8a9f51aa63e6a30d
"K,1,2,3",95 Phonics Core Program or Fundations,,,ELA,Core Curriculum,1,a9061381940ec54a97077cabcf6f4abe959eae4a1bd169de8a9f51aa63e6a30d,ELA,Supplemental,95 Phonics Core Program,95 Percent Group,95 Percent Group,2020,K-5,95 Percent Group - 95 Phonics Core Program (95 Percent Group) - 2020 - (K-5),a9061381940ec54a97077cabcf6f4abe959eae4a1bd169de8a9f51aa63e6a30d
"K,1,2,3,4,5",95 Percent Group,95 Percent Group,2020,ELA,Core Curriculum,2,a9061381940ec54a97077cabcf6f4abe959eae4a1bd169de8a9f51aa63e6a30d,ELA,Supplemental,95 Phonics Core Program,95 Percent Group,95 Percent Group,2020,K-5,95 Percent Group - 95 Phonics Core Program (95 Percent Group) - 2020 - (K-5),a9061381940ec54a97077cabcf6f4abe959eae4a1bd169de8a9f51aa63e6a30d
"K,1,2",95% Group Phonics,,,ELA,Supplemental,2,a9061381940ec54a97077cabcf6f4abe959eae4a1bd169de8a9f51aa63e6a30d,ELA,Supplemental,95 Phonics Core Program,95 Percent Group,95 Percent Group,2020,K-5,95 Percent Group - 95 Phonics Core Program (95 Percent Group) - 2020 - (K-5),a9061381940ec54a97077cabcf6f4abe959eae4a1bd169de8a9f51aa63e6a30d
"K,1,2,3,4,5",95 Phonological Awareness,,,ELA,Supplemental,4,9ec13201d60247e41fb7c9e7bc1f08a1e8385b8e99e20c38ab311406aa8676cd,ELA,Supplemental,95 Phonological Awareness,95 Phonological Awareness,95 Percent Group,,PK-1,95 Phonological Awareness - 95 Phonological Awareness (95 Percent Group) -  - (PK-1),9ec13201d60247e41fb7c9e7bc1f08a1e8385b8e99e20c38ab311406aa8676cd
"K,1,2,3,4,5",95% Group Phonics,,,ELA,Supplemental,K,9ec13201d60247e41fb7c9e7bc1f08a1e8385b8e99e20c38ab311406aa8676cd,ELA,Supplemental,95 Phonological Awareness,95 Phonological Awareness,95 Percent Group,,PK-1,95 Phonological Awareness - 95 Phonological Awareness (95 Percent Group) -  - (PK-1),9ec13201d60247e41fb7c9e7bc1f08a1e8385b8e99e20c38ab311406aa8676cd
"K,1,2,3,4,5",95% Group Phonics,,,ELA,Supplemental,4,9ec13201d60247e41fb7c9e7bc1f08a1e8385b8e99e20c38ab311406aa8676cd,ELA,Supplemental,95 Phonological Awareness,95 Phonological Awareness,95 Percent Group,,PK-1,95 Phonological Awareness - 95 Phonological Awareness (95 Percent Group) -  - (PK-1),9ec13201d60247e41fb7c9e7bc1f08a1e8385b8e99e20c38ab311406aa8676cd
"6,7,8","95% Phonics Library-Basic, Advanced & Multi-syllabic",,,ELA,Supplemental,8,9ec13201d60247e41fb7c9e7bc1f08a1e8385b8e99e20c38ab311406aa8676cd,ELA,Supplemental,95 Phonological Awareness,95 Phonological Awareness,95 Percent Group,,PK-1,95 Phonological Awareness - 95 Phonological Awareness (95 Percent Group) -  - (PK-1),9ec13201d60247e41fb7c9e7bc1f08a1e8385b8e99e20c38ab311406aa8676cd
"K,1,2,3,4,5",99Math,99Math,,Math,Supplemental,K,03c6e5a1bd0995dce2513ca986305b70c38de8ea032edbf84092ac072ae7ef74,Math,Supplemental,99Math,99Math,99Math,,K-12,99Math - 99Math (99Math) -  - (K-12),03c6e5a1bd0995dce2513ca986305b70c38de8ea032edbf84092ac072ae7ef74
"6,7,8",99math- Free Multiplayer Math,99math,,Math,Supplemental,7,03c6e5a1bd0995dce2513ca986305b70c38de8ea032edbf84092ac072ae7ef74,Math,Supplemental,99Math,99Math,99Math,,K-12,99Math - 99Math (99Math) -  - (K-12),03c6e5a1bd0995dce2513ca986305b70c38de8ea032edbf84092ac072ae7ef74
"9,10,11,12",99 Math,,,Math,Supplemental,10,03c6e5a1bd0995dce2513ca986305b70c38de8ea032edbf84092ac072ae7ef74,Math,Supplemental,99Math,99Math,99Math,,K-12,99Math - 99Math (99Math) -  - (K-12),03c6e5a1bd0995dce2513ca986305b70c38de8ea032edbf84092ac072ae7ef74
"6,7,8",99Math,,,Math,Supplemental,7,03c6e5a1bd0995dce2513ca986305b70c38de8ea032edbf84092ac072ae7ef74,Math,Supplemental,99Math,99Math,99Math,,K-12,99Math - 99Math (99Math) -  - (K-12),03c6e5a1bd0995dce2513ca986305b70c38de8ea032edbf84092ac072ae7ef74
"9,10,11,12",99 Math,,,Math,Supplemental,12,03c6e5a1bd0995dce2513ca986305b70c38de8ea032edbf84092ac072ae7ef74,Math,Supplemental,99Math,99Math,99Math,,K-12,99Math - 99Math (99Math) -  - (K-12),03c6e5a1bd0995dce2513ca986305b70c38de8ea032edbf84092ac072ae7ef74
"9,10,11,12",99 Math,,,Math,Supplemental,11,03c6e5a1bd0995dce2513ca986305b70c38de8ea032edbf84092ac072ae7ef74,Math,Supplemental,99Math,99Math,99Math,,K-12,99Math - 99Math (99Math) -  - (K-12),03c6e5a1bd0995dce2513ca986305b70c38de8ea032edbf84092ac072ae7ef74
"K,1,2,3,4,5,PK",99Math,,,Math,Supplemental,3,03c6e5a1bd0995dce2513ca986305b70c38de8ea032edbf84092ac072ae7ef74,Math,Supplemental,99Math,99Math,99Math,,K-12,99Math - 99Math (99Math) -  - (K-12),03c6e5a1bd0995dce2513ca986305b70c38de8ea032edbf84092ac072ae7ef74
"K,1,2,3,4,5,PK",99Math,,,Math,Supplemental,4,03c6e5a1bd0995dce2513ca986305b70c38de8ea032edbf84092ac072ae7ef74,Math,Supplemental,99Math,99Math,99Math,,K-12,99Math - 99Math (99Math) -  - (K-12),03c6e5a1bd0995dce2513ca986305b70c38de8ea032edbf84092ac072ae7ef74
"6,7,8",99Math,,,Math,Supplemental,8,03c6e5a1bd0995dce2513ca986305b70c38de8ea032edbf84092ac072ae7ef74,Math,Supplemental,99Math,99Math,99Math,,K-12,99Math - 99Math (99Math) -  - (K-12),03c6e5a1bd0995dce2513ca986305b70c38de8ea032edbf84092ac072ae7ef74
"6,7,8",99 Math,,,Math,Supplemental,8,03c6e5a1bd0995dce2513ca986305b70c38de8ea032edbf84092ac072ae7ef74,Math,Supplemental,99Math,99Math,99Math,,K-12,99Math - 99Math (99Math) -  - (K-12),03c6e5a1bd0995dce2513ca986305b70c38de8ea032edbf84092ac072ae7ef74
"K,1,2,3,4,5,PK",99 Math,,,Math,Supplemental,K,03c6e5a1bd0995dce2513ca986305b70c38de8ea032edbf84092ac072ae7ef74,Math,Supplemental,99Math,99Math,99Math,,K-12,99Math - 99Math (99Math) -  - (K-12),03c6e5a1bd0995dce2513ca986305b70c38de8ea032edbf84092ac072ae7ef74
"6,7,8",99 Math,,,Math,Supplemental,6,03c6e5a1bd0995dce2513ca986305b70c38de8ea032edbf84092ac072ae7ef74,Math,Supplemental,99Math,99Math,99Math,,K-12,99Math - 99Math (99Math) -  - (K-12),03c6e5a1bd0995dce2513ca986305b70c38de8ea032edbf84092ac072ae7ef74
NI,99Math,99Math,,Math,Supplemental,NI,03c6e5a1bd0995dce2513ca986305b70c38de8ea032edbf84092ac072ae7ef74,Math,Supplemental,99Math,99Math,99Math,,K-12,99Math - 99Math (99Math) -  - (K-12),03c6e5a1bd0995dce2513ca986305b70c38de8ea032edbf84092ac072ae7ef74
"K,1,2,3,4,5",99Math,,,Math,Supplemental,3,03c6e5a1bd0995dce2513ca986305b70c38de8ea032edbf84092ac072ae7ef74,Math,Supplemental,99Math,99Math,99Math,,K-12,99Math - 99Math (99Math) -  - (K-12),03c6e5a1bd0995dce2513ca986305b70c38de8ea032edbf84092ac072ae7ef74
"K,1,2,3,4,5",99Math,99Math,,Math,Supplemental,2,03c6e5a1bd0995dce2513ca986305b70c38de8ea032edbf84092ac072ae7ef74,Math,Supplemental,99Math,99Math,99Math,,K-12,99Math - 99Math (99Math) -  - (K-12),03c6e5a1bd0995dce2513ca986305b70c38de8ea032edbf84092ac072ae7ef74
"6,7,8",99Math: Math,99Math,,Math,Supplemental,6,03c6e5a1bd0995dce2513ca986305b70c38de8ea032edbf84092ac072ae7ef74,Math,Supplemental,99Math,99Math,99Math,,K-12,99Math - 99Math (99Math) -  - (K-12),03c6e5a1bd0995dce2513ca986305b70c38de8ea032edbf84092ac072ae7ef74
"K,1,2,3,4,5",Science: A Closer Look,Macmillan McGraw Hill,2008,Science,Core Curriculum,2,394c53c2e0eca932ce36efbbab011619c126abb0300ecca1d30c05d4bf9ef288,Science,Core Curriculum,Science:  A Closer Look,A Closer Look ,McGraw Hill Education,2008,K-6,A Closer Look  - Science:  A Closer Look (McGraw Hill Education) - 2008 - (K-6),394c53c2e0eca932ce36efbbab011619c126abb0300ecca1d30c05d4bf9ef288
"K,1,2,3,4,5",Science: A Closer Look,,,Science,Core Curriculum,1,394c53c2e0eca932ce36efbbab011619c126abb0300ecca1d30c05d4bf9ef288,Science,Core Curriculum,Science:  A Closer Look,A Closer Look ,McGraw Hill Education,2008,K-6,A Closer Look  - Science:  A Closer Look (McGraw Hill Education) - 2008 - (K-6),394c53c2e0eca932ce36efbbab011619c126abb0300ecca1d30c05d4bf9ef288
"9,10,11,12","A History of Latin America, 9th ed.",Wadsworth/Cengage Learning,,Social Studies,Core Curriculum,12,1a4a84c58e6a2759ae9b6748cdd4947315a62fd1f4e381ad5ecbbe70601a164d,Social Studies,Core Curriculum,A History of Latin America,A History of Latin America,Cengage,2013,12-Sep,A History of Latin America - A History of Latin America (Cengage) - 2013 - (9-12),1a4a84c58e6a2759ae9b6748cdd4947315a62fd1f4e381ad5ecbbe70601a164d
"9,10,11,12",A History of the American People Pearson 2002,Pearson,2002,Social Studies,Core Curriculum,11,3fabd74885ff1c7f1be08d21eb2cbe5f5702d683034b03fd3e560ec91859880c,Social Studies,Core Curriculum,A History of the American People,A History of the American People,Pearson Education,1997,7-Apr,A History of the American People - A History of the American People (Pearson Education) - 1997 - (4-7),3fabd74885ff1c7f1be08d21eb2cbe5f5702d683034b03fd3e560ec91859880c
"9,10,11,12",History of the US,Oxford University Press,,Social Studies,Core Curriculum,12,d8ca6704aae671b2ab808cc5f6817e3afc56d149fd842a6e2b663f8daff446b1,Social Studies,Core Curriculum,A History of US: All the People Since 1945,A History of US,Oxford University Press,2010,8-Jun,A History of US - A History of US: All the People Since 1945 (Oxford University Press) - 2010 - (6-8),d8ca6704aae671b2ab808cc5f6817e3afc56d149fd842a6e2b663f8daff446b1
"9,10,11,12",A History of Western Society,Hougthon Mifflin,,Social Studies,Core Curriculum,10,3e72b46abe8ab1979ac7dcf03c34c99088f73d053bbedacc336503dd7b04f5f3,Social Studies,Core Curriculum,A History of Western Society,A History of Western Society,Houghton Mifflin Harcourt,,12-Sep,A History of Western Society - A History of Western Society (Houghton Mifflin Harcourt) -  - (9-12),3e72b46abe8ab1979ac7dcf03c34c99088f73d053bbedacc336503dd7b04f5f3
"9,10,11,12","""A History of Western Society""; Houghton Mifflin (MFS: Need HMH version?)",Houghton Mifflin,,Social Studies,Core Curriculum,9,3e72b46abe8ab1979ac7dcf03c34c99088f73d053bbedacc336503dd7b04f5f3,Social Studies,Core Curriculum,A History of Western Society,A History of Western Society,Houghton Mifflin Harcourt,,12-Sep,A History of Western Society - A History of Western Society (Houghton Mifflin Harcourt) -  - (9-12),3e72b46abe8ab1979ac7dcf03c34c99088f73d053bbedacc336503dd7b04f5f3
"9,10,11,12",A History of Western Society,Houghton Mifflin,,Social Studies,Core Curriculum,11,3e72b46abe8ab1979ac7dcf03c34c99088f73d053bbedacc336503dd7b04f5f3,Social Studies,Core Curriculum,A History of Western Society,A History of Western Society,Houghton Mifflin Harcourt,,12-Sep,A History of Western Society - A History of Western Society (Houghton Mifflin Harcourt) -  - (9-12),3e72b46abe8ab1979ac7dcf03c34c99088f73d053bbedacc336503dd7b04f5f3
"9,10,11,12",A History of Western Society,Houghton Mifflin/ McDougal Lit,,Social Studies,Core Curriculum,9,3e72b46abe8ab1979ac7dcf03c34c99088f73d053bbedacc336503dd7b04f5f3,Social Studies,Core Curriculum,A History of Western Society,A History of Western Society,Houghton Mifflin Harcourt,,12-Sep,A History of Western Society - A History of Western Society (Houghton Mifflin Harcourt) -  - (9-12),3e72b46abe8ab1979ac7dcf03c34c99088f73d053bbedacc336503dd7b04f5f3
"9,10,11,12",A History of Western Society,Houghton Mifflin Harcourt,,Social Studies,Core Curriculum,11,3e72b46abe8ab1979ac7dcf03c34c99088f73d053bbedacc336503dd7b04f5f3,Social Studies,Core Curriculum,A History of Western Society,A History of Western Society,Houghton Mifflin Harcourt,,12-Sep,A History of Western Society - A History of Western Society (Houghton Mifflin Harcourt) -  - (9-12),3e72b46abe8ab1979ac7dcf03c34c99088f73d053bbedacc336503dd7b04f5f3
"9,10,11,12",History of Western Society Since 1300 AP,"Bedford, Freeman & Worth",,Social Studies,Core Curriculum,9,574e3e1b07d47e048e5443e7fca980c4d6ff63512f3a03b78a6616869e932bcc,Social Studies,Core Curriculum,"A History of Western Society: Since 1300, for AP",A History of Western Society,Houghton Mifflin Harcourt,1999,12-Sep,"A History of Western Society - A History of Western Society: Since 1300, for AP (Houghton Mifflin Harcourt) - 1999 - (9-12)",574e3e1b07d47e048e5443e7fca980c4d6ff63512f3a03b78a6616869e932bcc
"9,10,11,12",HMH History of Western Societies since 1300 2006,HMH,2006,Social Studies,Core Curriculum,11,574e3e1b07d47e048e5443e7fca980c4d6ff63512f3a03b78a6616869e932bcc,Social Studies,Core Curriculum,"A History of Western Society: Since 1300, for AP",A History of Western Society,Houghton Mifflin Harcourt,1999,12-Sep,"A History of Western Society - A History of Western Society: Since 1300, for AP (Houghton Mifflin Harcourt) - 1999 - (9-12)",574e3e1b07d47e048e5443e7fca980c4d6ff63512f3a03b78a6616869e932bcc
"9,10,11,12",McKay's A History of WESTERN CIV AP,,,Social Studies,Core Curriculum,12,efaa5e6cb0a3030fff8ae37b8e88c0661496c6b5bd49419ba0c878202b3a2e1a,Social Studies,Core Curriculum,"A History of Western Society Since 1300, AP Edition","A History of Western Society Since 1300, AP Edition",Macmillan Learning,2020,12-Sep,"A History of Western Society Since 1300, AP Edition - A History of Western Society Since 1300, AP Edition (Macmillan Learning) - 2020 - (9-12)",efaa5e6cb0a3030fff8ae37b8e88c0661496c6b5bd49419ba0c878202b3a2e1a
"7,8",Math Dictionary for Kids,,,Math,Supplemental,7,a37f4a99ca957cd5ce2e2b7cb7ce237727666d6c8946bd7b738269329e656b79,Math,Supplemental,A Maths Dictionary for Kids plus Math Charts,A Maths Dictionary for Kids plus Math Charts,Jenny Eather,,K-12,A Maths Dictionary for Kids plus Math Charts - A Maths Dictionary for Kids plus Math Charts (Jenny Eather) -  - (K-12),a37f4a99ca957cd5ce2e2b7cb7ce237727666d6c8946bd7b738269329e656b79
"9,10,11,12",A people and a nation A History of the United States,,,Social Studies,Core Curriculum,9,d1292a551ba647db88ffd75b358f6dca1400b47e54057cecb82225af546da711,Social Studies,Core Curriculum,A People and a Nation: A History of the United States,A People and a Nation: A History of the United States,Cengage,2019,12-Sep,A People and a Nation: A History of the United States - A People and a Nation: A History of the United States (Cengage) - 2019 - (9-12),d1292a551ba647db88ffd75b358f6dca1400b47e54057cecb82225af546da711
"11,12",Peopleâs History of the United States: 1492-Present,Harper Collins,2003,Social Studies,Core Curriculum,11,2a0c1c318240e39061c336589bb0ea2367f67ecf50c2e1e1ff78352ca3713f12,Social Studies,Core Curriculum,A People's History of the United States: 1492-Present,A People's History of the United States,HarperCollins Publishers,2003,12-Sep,A People's History of the United States - A People's History of the United States: 1492-Present (HarperCollins Publishers) - 2003 - (9-12),2a0c1c318240e39061c336589bb0ea2367f67ecf50c2e1e1ff78352ca3713f12
"9,10,11,12",A world History: Links Across Time and Place,McDougal,1998,Social Studies,Core Curriculum,9,cf95f047ab7ce52dd11ab67b6d46ddaa0a93cd1226ff35e4b59fc3dc028c2e80,Social Studies,Core Curriculum,A World History: Links Across Time and Place,A World History: Links Across Time and Place,Houghton Mifflin Harcourt,,12-Sep,A World History: Links Across Time and Place - A World History: Links Across Time and Place (Houghton Mifflin Harcourt) -  - (9-12),cf95f047ab7ce52dd11ab67b6d46ddaa0a93cd1226ff35e4b59fc3dc028c2e80
"9,10,11,12",A Writer's Reference,Bedford/ St. Martin's,,ELA,Core Curriculum,11,ecc283fbb6d8ede0ed19b2b645a5844f878962db951c38e6bb8e55fac84be0b6,ELA,Core Curriculum,A Writer's Reference,A Writer's Reference,Macmillan Learning,2018,12-Sep,A Writer's Reference - A Writer's Reference (Macmillan Learning) - 2018 - (9-12),ecc283fbb6d8ede0ed19b2b645a5844f878962db951c38e6bb8e55fac84be0b6
"K,1,2,PK,TK",A+ Click,,,Math,Supplemental,TK,91455758f1eae00fa588bda1b62d31aecf2991c188d8d8744cf696d662696770,Math,Supplemental,A+ Click,A+ Click,Aplusclick,,12-Jan,A+ Click - A+ Click (Aplusclick) -  - (1-12),91455758f1eae00fa588bda1b62d31aecf2991c188d8d8744cf696d662696770
"K,1,2,3,4,5",AAA Math,,,Math,Supplemental,5,2fa61191609dbbcaf2ad778a86135db82e24aedf409d68e4b8ec6b521a9a5597,Math,Supplemental,AAA Math,AAA Math,J. Banfill,,K-8,AAA Math - AAA Math (J. Banfill) -  - (K-8),2fa61191609dbbcaf2ad778a86135db82e24aedf409d68e4b8ec6b521a9a5597
"K,1,2,3,4,5",AAA Math,,,Math,Supplemental,1,2fa61191609dbbcaf2ad778a86135db82e24aedf409d68e4b8ec6b521a9a5597,Math,Supplemental,AAA Math,AAA Math,J. Banfill,,K-8,AAA Math - AAA Math (J. Banfill) -  - (K-8),2fa61191609dbbcaf2ad778a86135db82e24aedf409d68e4b8ec6b521a9a5597
"K,1,2,3,4,5,6,7,8,9,10,11,12",AAA Math,J. Banfill,2011,ELA,Supplemental,K,2fa61191609dbbcaf2ad778a86135db82e24aedf409d68e4b8ec6b521a9a5597,Math,Supplemental,AAA Math,AAA Math,J. Banfill,,K-8,AAA Math - AAA Math (J. Banfill) -  - (K-8),2fa61191609dbbcaf2ad778a86135db82e24aedf409d68e4b8ec6b521a9a5597
"6,7,8",AAA Math,,,Math,Supplemental,7,2fa61191609dbbcaf2ad778a86135db82e24aedf409d68e4b8ec6b521a9a5597,Math,Supplemental,AAA Math,AAA Math,J. Banfill,,K-8,AAA Math - AAA Math (J. Banfill) -  - (K-8),2fa61191609dbbcaf2ad778a86135db82e24aedf409d68e4b8ec6b521a9a5597
"K,1,2,3,4,5",AAA Math,,,Math,Supplemental,4,2fa61191609dbbcaf2ad778a86135db82e24aedf409d68e4b8ec6b521a9a5597,Math,Supplemental,AAA Math,AAA Math,J. Banfill,,K-8,AAA Math - AAA Math (J. Banfill) -  - (K-8),2fa61191609dbbcaf2ad778a86135db82e24aedf409d68e4b8ec6b521a9a5597
NI,AAA Math,,,Math,Supplemental,NI,2fa61191609dbbcaf2ad778a86135db82e24aedf409d68e4b8ec6b521a9a5597,Math,Supplemental,AAA Math,AAA Math,J. Banfill,,K-8,AAA Math - AAA Math (J. Banfill) -  - (K-8),2fa61191609dbbcaf2ad778a86135db82e24aedf409d68e4b8ec6b521a9a5597
"K,1,2,3,4,5",AAA Math,,,Math,Supplemental,K,2fa61191609dbbcaf2ad778a86135db82e24aedf409d68e4b8ec6b521a9a5597,Math,Supplemental,AAA Math,AAA Math,J. Banfill,,K-8,AAA Math - AAA Math (J. Banfill) -  - (K-8),2fa61191609dbbcaf2ad778a86135db82e24aedf409d68e4b8ec6b521a9a5597
"9,10,11,12",www.aaamath.com,AAA Math,,Math,Supplemental,10,2fa61191609dbbcaf2ad778a86135db82e24aedf409d68e4b8ec6b521a9a5597,Math,Supplemental,AAA Math,AAA Math,J. Banfill,,K-8,AAA Math - AAA Math (J. Banfill) -  - (K-8),2fa61191609dbbcaf2ad778a86135db82e24aedf409d68e4b8ec6b521a9a5597
"K,1,2,3,4,5",AAA Math,,,Math,Supplemental,2,2fa61191609dbbcaf2ad778a86135db82e24aedf409d68e4b8ec6b521a9a5597,Math,Supplemental,AAA Math,AAA Math,J. Banfill,,K-8,AAA Math - AAA Math (J. Banfill) -  - (K-8),2fa61191609dbbcaf2ad778a86135db82e24aedf409d68e4b8ec6b521a9a5597
"K,1,2,3,4,5",AAAMath,AAAMath,,Math,Supplemental,4,2fa61191609dbbcaf2ad778a86135db82e24aedf409d68e4b8ec6b521a9a5597,Math,Supplemental,AAA Math,AAA Math,J. Banfill,,K-8,AAA Math - AAA Math (J. Banfill) -  - (K-8),2fa61191609dbbcaf2ad778a86135db82e24aedf409d68e4b8ec6b521a9a5597
"9,10,11,12",ABC-CLIO - World History -Modern,,,Social Studies,Core Curriculum,12,aba39ec7c03a25041027b1d00a4a18cff73b21f63e7c91c493a9322d8897f09e,Social Studies,Core Curriculum,ABC-CLIO World History,ABC-CLIO Solutions Academic Editions,ABC-CLIO,2010,12-Sep,ABC-CLIO Solutions Academic Editions - ABC-CLIO World History (ABC-CLIO) - 2010 - (9-12),aba39ec7c03a25041027b1d00a4a18cff73b21f63e7c91c493a9322d8897f09e
"8,7",World History Modern Era,ABC-CLIO/Bloomsbury,,Social Studies,Core Curriculum,8,aba39ec7c03a25041027b1d00a4a18cff73b21f63e7c91c493a9322d8897f09e,Social Studies,Core Curriculum,ABC-CLIO World History,ABC-CLIO Solutions Academic Editions,ABC-CLIO,2010,12-Sep,ABC-CLIO Solutions Academic Editions - ABC-CLIO World History (ABC-CLIO) - 2010 - (9-12),aba39ec7c03a25041027b1d00a4a18cff73b21f63e7c91c493a9322d8897f09e
"9,10,11,12",ABC-CLIO US Government,,,Social Studies,Core Curriculum,12,689553a0a833d105b5e9c59eca54d516e0e08f414c302dc1b97dc6a8b84a18db,Social Studies,Core Curriculum,ABC-CLIO: American Government,ABC-CLIO Solutions Academic Editions,ABC-CLIO,,12-Jun,ABC-CLIO Solutions Academic Editions - ABC-CLIO: American Government (ABC-CLIO) -  - (6-12),689553a0a833d105b5e9c59eca54d516e0e08f414c302dc1b97dc6a8b84a18db
"9,10,11,12",American Government,ABC-CLIO/Bloomsbury,,Social Studies,Core Curriculum,11,689553a0a833d105b5e9c59eca54d516e0e08f414c302dc1b97dc6a8b84a18db,Social Studies,Core Curriculum,ABC-CLIO: American Government,ABC-CLIO Solutions Academic Editions,ABC-CLIO,,12-Jun,ABC-CLIO Solutions Academic Editions - ABC-CLIO: American Government (ABC-CLIO) -  - (6-12),689553a0a833d105b5e9c59eca54d516e0e08f414c302dc1b97dc6a8b84a18db
"9,10,11,12",ABC Clio American Government,,,Social Studies,Core Curriculum,12,689553a0a833d105b5e9c59eca54d516e0e08f414c302dc1b97dc6a8b84a18db,Social Studies,Core Curriculum,ABC-CLIO: American Government,ABC-CLIO Solutions Academic Editions,ABC-CLIO,,12-Jun,ABC-CLIO Solutions Academic Editions - ABC-CLIO: American Government (ABC-CLIO) -  - (6-12),689553a0a833d105b5e9c59eca54d516e0e08f414c302dc1b97dc6a8b84a18db
"9,10,11,12",ABC CLIO American History,,,Social Studies,Core Curriculum,11,722a7a49cc87eeff8de28708d9bcf78f5b896b5f710ae012fc85934e11f42946,Social Studies,Core Curriculum,ABC-CLIO: American History,ABC-CLIO Solutions Academic Editions,ABC-CLIO,,12-Jun,ABC-CLIO Solutions Academic Editions - ABC-CLIO: American History (ABC-CLIO) -  - (6-12),722a7a49cc87eeff8de28708d9bcf78f5b896b5f710ae012fc85934e11f42946
"9,10,11,12",ABC-CLIO World Geography,ABC-CLIO,,Social Studies,Core Curriculum,10,bad96b301f8ce715d6bd6e55999ac33690a02d741692ee0c741cb46fdec3048a,Social Studies,Core Curriculum,ABC-CLIO: World Geography,ABC-CLIO Solutions Academic Editions,ABC-CLIO,,12-Jun,ABC-CLIO Solutions Academic Editions - ABC-CLIO: World Geography (ABC-CLIO) -  - (6-12),bad96b301f8ce715d6bd6e55999ac33690a02d741692ee0c741cb46fdec3048a
"9,10,11,12",World Religions,NORTH EAST ISD,,Social Studies,Core Curriculum,12,45119d4fd67b21374feb459c2041f05f3d67a6d3394abcf946e7470e6ae2ecc3,Social Studies,Core Curriculum,ABC-CLIO: World Religions,ABC-CLIO Solutions Academic Editions,ABC-CLIO,,12-Jun,ABC-CLIO Solutions Academic Editions - ABC-CLIO: World Religions (ABC-CLIO) -  - (6-12),45119d4fd67b21374feb459c2041f05f3d67a6d3394abcf946e7470e6ae2ecc3
"PK,K,1,2",ABC Mouse Early Learning Academy,,,ELA,Supplemental,1,f15841ec76226037c2b3848be0ace17da9b62db0e32fce4539786b9f5ec2adeb,All,Supplemental,ABCmouse.com,ABCmouse.com,ABCmouse.com,,PK-8,ABCmouse.com - ABCmouse.com (ABCmouse.com) -  - (PK-8),f15841ec76226037c2b3848be0ace17da9b62db0e32fce4539786b9f5ec2adeb
"3,4,5",ABC Mouse Adventure Academy,,,ELA,Supplemental,3,f15841ec76226037c2b3848be0ace17da9b62db0e32fce4539786b9f5ec2adeb,All,Supplemental,ABCmouse.com,ABCmouse.com,ABCmouse.com,,PK-8,ABCmouse.com - ABCmouse.com (ABCmouse.com) -  - (PK-8),f15841ec76226037c2b3848be0ace17da9b62db0e32fce4539786b9f5ec2adeb
"6,7,8",ABC Mouse Adventure Academy,,,Math,Supplemental,7,f15841ec76226037c2b3848be0ace17da9b62db0e32fce4539786b9f5ec2adeb,All,Supplemental,ABCmouse.com,ABCmouse.com,ABCmouse.com,,PK-8,ABCmouse.com - ABCmouse.com (ABCmouse.com) -  - (PK-8),f15841ec76226037c2b3848be0ace17da9b62db0e32fce4539786b9f5ec2adeb
"K,1,2,3,4,5",ABC Mouse,,,ELA,Supplemental,5,f15841ec76226037c2b3848be0ace17da9b62db0e32fce4539786b9f5ec2adeb,All,Supplemental,ABCmouse.com,ABCmouse.com,ABCmouse.com,,PK-8,ABCmouse.com - ABCmouse.com (ABCmouse.com) -  - (PK-8),f15841ec76226037c2b3848be0ace17da9b62db0e32fce4539786b9f5ec2adeb
"K,1,2,3,4,5",ABC Mouse,,,ELA,Supplemental,4,f15841ec76226037c2b3848be0ace17da9b62db0e32fce4539786b9f5ec2adeb,All,Supplemental,ABCmouse.com,ABCmouse.com,ABCmouse.com,,PK-8,ABCmouse.com - ABCmouse.com (ABCmouse.com) -  - (PK-8),f15841ec76226037c2b3848be0ace17da9b62db0e32fce4539786b9f5ec2adeb
"K,1,2,3,4,5",ABC Mouse,,,Math,Supplemental,2,f15841ec76226037c2b3848be0ace17da9b62db0e32fce4539786b9f5ec2adeb,All,Supplemental,ABCmouse.com,ABCmouse.com,ABCmouse.com,,PK-8,ABCmouse.com - ABCmouse.com (ABCmouse.com) -  - (PK-8),f15841ec76226037c2b3848be0ace17da9b62db0e32fce4539786b9f5ec2adeb
"6,7,8",ABCmouse.com,ABCmouse.com,,ELA,Supplemental,6,f15841ec76226037c2b3848be0ace17da9b62db0e32fce4539786b9f5ec2adeb,All,Supplemental,ABCmouse.com,ABCmouse.com,ABCmouse.com,,PK-8,ABCmouse.com - ABCmouse.com (ABCmouse.com) -  - (PK-8),f15841ec76226037c2b3848be0ace17da9b62db0e32fce4539786b9f5ec2adeb
"K,1,2,3,4,5",ABC Mouse,,,ELA,Supplemental,K,f15841ec76226037c2b3848be0ace17da9b62db0e32fce4539786b9f5ec2adeb,All,Supplemental,ABCmouse.com,ABCmouse.com,ABCmouse.com,,PK-8,ABCmouse.com - ABCmouse.com (ABCmouse.com) -  - (PK-8),f15841ec76226037c2b3848be0ace17da9b62db0e32fce4539786b9f5ec2adeb
"2,3,4,5",ABCmouse.com,ABCmouse.com,,Math,Supplemental,2,f15841ec76226037c2b3848be0ace17da9b62db0e32fce4539786b9f5ec2adeb,All,Supplemental,ABCmouse.com,ABCmouse.com,ABCmouse.com,,PK-8,ABCmouse.com - ABCmouse.com (ABCmouse.com) -  - (PK-8),f15841ec76226037c2b3848be0ace17da9b62db0e32fce4539786b9f5ec2adeb
"K,1,2,3,4,5",ABC Mouse,,,ELA,Supplemental,3,f15841ec76226037c2b3848be0ace17da9b62db0e32fce4539786b9f5ec2adeb,All,Supplemental,ABCmouse.com,ABCmouse.com,ABCmouse.com,,PK-8,ABCmouse.com - ABCmouse.com (ABCmouse.com) -  - (PK-8),f15841ec76226037c2b3848be0ace17da9b62db0e32fce4539786b9f5ec2adeb
"K,1,2",ABCmouse,ABCmouse,,ELA,Supplemental,1,f15841ec76226037c2b3848be0ace17da9b62db0e32fce4539786b9f5ec2adeb,All,Supplemental,ABCmouse.com,ABCmouse.com,ABCmouse.com,,PK-8,ABCmouse.com - ABCmouse.com (ABCmouse.com) -  - (PK-8),f15841ec76226037c2b3848be0ace17da9b62db0e32fce4539786b9f5ec2adeb
"2,3,4,5",ABCmouse.com,ABCmouse.com,,Math,Supplemental,4,f15841ec76226037c2b3848be0ace17da9b62db0e32fce4539786b9f5ec2adeb,All,Supplemental,ABCmouse.com,ABCmouse.com,ABCmouse.com,,PK-8,ABCmouse.com - ABCmouse.com (ABCmouse.com) -  - (PK-8),f15841ec76226037c2b3848be0ace17da9b62db0e32fce4539786b9f5ec2adeb
"K,1,2,3,4,5,PK",ABC Mouse,,,ELA,Supplemental,2,f15841ec76226037c2b3848be0ace17da9b62db0e32fce4539786b9f5ec2adeb,All,Supplemental,ABCmouse.com,ABCmouse.com,ABCmouse.com,,PK-8,ABCmouse.com - ABCmouse.com (ABCmouse.com) -  - (PK-8),f15841ec76226037c2b3848be0ace17da9b62db0e32fce4539786b9f5ec2adeb
"K,1,2,3,4,5",ABC Mouse,,,ELA,Supplemental,2,f15841ec76226037c2b3848be0ace17da9b62db0e32fce4539786b9f5ec2adeb,All,Supplemental,ABCmouse.com,ABCmouse.com,ABCmouse.com,,PK-8,ABCmouse.com - ABCmouse.com (ABCmouse.com) -  - (PK-8),f15841ec76226037c2b3848be0ace17da9b62db0e32fce4539786b9f5ec2adeb
"K,1,2,3,4,5,PK",ABCmouse.com,,,ELA,Supplemental,K,f15841ec76226037c2b3848be0ace17da9b62db0e32fce4539786b9f5ec2adeb,All,Supplemental,ABCmouse.com,ABCmouse.com,ABCmouse.com,,PK-8,ABCmouse.com - ABCmouse.com (ABCmouse.com) -  - (PK-8),f15841ec76226037c2b3848be0ace17da9b62db0e32fce4539786b9f5ec2adeb
NI,ABC Mouse,,,Math,Supplemental,NI,f15841ec76226037c2b3848be0ace17da9b62db0e32fce4539786b9f5ec2adeb,All,Supplemental,ABCmouse.com,ABCmouse.com,ABCmouse.com,,PK-8,ABCmouse.com - ABCmouse.com (ABCmouse.com) -  - (PK-8),f15841ec76226037c2b3848be0ace17da9b62db0e32fce4539786b9f5ec2adeb
"K,3,2",ABCmouse,,,Math,Supplemental,K,f15841ec76226037c2b3848be0ace17da9b62db0e32fce4539786b9f5ec2adeb,All,Supplemental,ABCmouse.com,ABCmouse.com,ABCmouse.com,,PK-8,ABCmouse.com - ABCmouse.com (ABCmouse.com) -  - (PK-8),f15841ec76226037c2b3848be0ace17da9b62db0e32fce4539786b9f5ec2adeb
"K,2,3,1",ABCmouse,,,ELA,Supplemental,3,f15841ec76226037c2b3848be0ace17da9b62db0e32fce4539786b9f5ec2adeb,All,Supplemental,ABCmouse.com,ABCmouse.com,ABCmouse.com,,PK-8,ABCmouse.com - ABCmouse.com (ABCmouse.com) -  - (PK-8),f15841ec76226037c2b3848be0ace17da9b62db0e32fce4539786b9f5ec2adeb
"K,1,2,PK",ABCmouse.com,,,Math,Supplemental,1,f15841ec76226037c2b3848be0ace17da9b62db0e32fce4539786b9f5ec2adeb,All,Supplemental,ABCmouse.com,ABCmouse.com,ABCmouse.com,,PK-8,ABCmouse.com - ABCmouse.com (ABCmouse.com) -  - (PK-8),f15841ec76226037c2b3848be0ace17da9b62db0e32fce4539786b9f5ec2adeb
"K,1,2,3,4,5",ABC Mouse,,,ELA,Supplemental,1,f15841ec76226037c2b3848be0ace17da9b62db0e32fce4539786b9f5ec2adeb,All,Supplemental,ABCmouse.com,ABCmouse.com,ABCmouse.com,,PK-8,ABCmouse.com - ABCmouse.com (ABCmouse.com) -  - (PK-8),f15841ec76226037c2b3848be0ace17da9b62db0e32fce4539786b9f5ec2adeb
"6,7,8",ABC Mouse,,,Math,Supplemental,7,f15841ec76226037c2b3848be0ace17da9b62db0e32fce4539786b9f5ec2adeb,All,Supplemental,ABCmouse.com,ABCmouse.com,ABCmouse.com,,PK-8,ABCmouse.com - ABCmouse.com (ABCmouse.com) -  - (PK-8),f15841ec76226037c2b3848be0ace17da9b62db0e32fce4539786b9f5ec2adeb
"K,1,2,3,4,5",ABCmouse,,,ELA,Supplemental,4,f15841ec76226037c2b3848be0ace17da9b62db0e32fce4539786b9f5ec2adeb,All,Supplemental,ABCmouse.com,ABCmouse.com,ABCmouse.com,,PK-8,ABCmouse.com - ABCmouse.com (ABCmouse.com) -  - (PK-8),f15841ec76226037c2b3848be0ace17da9b62db0e32fce4539786b9f5ec2adeb
"9,10,11,12",ABC Mouse,,,ELA,Supplemental,11,f15841ec76226037c2b3848be0ace17da9b62db0e32fce4539786b9f5ec2adeb,All,Supplemental,ABCmouse.com,ABCmouse.com,ABCmouse.com,,PK-8,ABCmouse.com - ABCmouse.com (ABCmouse.com) -  - (PK-8),f15841ec76226037c2b3848be0ace17da9b62db0e32fce4539786b9f5ec2adeb
"K,1,2,3,4,5",ABCmouse.COM,,,ELA,Supplemental,K,f15841ec76226037c2b3848be0ace17da9b62db0e32fce4539786b9f5ec2adeb,All,Supplemental,ABCmouse.com,ABCmouse.com,ABCmouse.com,,PK-8,ABCmouse.com - ABCmouse.com (ABCmouse.com) -  - (PK-8),f15841ec76226037c2b3848be0ace17da9b62db0e32fce4539786b9f5ec2adeb
"K,1,2,3,4,5",ABC Mouse,,,Math,Supplemental,3,f15841ec76226037c2b3848be0ace17da9b62db0e32fce4539786b9f5ec2adeb,All,Supplemental,ABCmouse.com,ABCmouse.com,ABCmouse.com,,PK-8,ABCmouse.com - ABCmouse.com (ABCmouse.com) -  - (PK-8),f15841ec76226037c2b3848be0ace17da9b62db0e32fce4539786b9f5ec2adeb
"2,3,4,5",ABCMouse,,,ELA,Supplemental,3,f15841ec76226037c2b3848be0ace17da9b62db0e32fce4539786b9f5ec2adeb,All,Supplemental,ABCmouse.com,ABCmouse.com,ABCmouse.com,,PK-8,ABCmouse.com - ABCmouse.com (ABCmouse.com) -  - (PK-8),f15841ec76226037c2b3848be0ace17da9b62db0e32fce4539786b9f5ec2adeb
"K,1,2,3,4,5,PK",ABC Mouse,,,ELA,Supplemental,K,f15841ec76226037c2b3848be0ace17da9b62db0e32fce4539786b9f5ec2adeb,All,Supplemental,ABCmouse.com,ABCmouse.com,ABCmouse.com,,PK-8,ABCmouse.com - ABCmouse.com (ABCmouse.com) -  - (PK-8),f15841ec76226037c2b3848be0ace17da9b62db0e32fce4539786b9f5ec2adeb
"K,1,2,3,4,5,PK",ABC Mouse,,,ELA,Supplemental,PK,f15841ec76226037c2b3848be0ace17da9b62db0e32fce4539786b9f5ec2adeb,All,Supplemental,ABCmouse.com,ABCmouse.com,ABCmouse.com,,PK-8,ABCmouse.com - ABCmouse.com (ABCmouse.com) -  - (PK-8),f15841ec76226037c2b3848be0ace17da9b62db0e32fce4539786b9f5ec2adeb
"K,1,2,3,4,5,6,PK",ABCmouse.com,,,ELA,Supplemental,K,f15841ec76226037c2b3848be0ace17da9b62db0e32fce4539786b9f5ec2adeb,All,Supplemental,ABCmouse.com,ABCmouse.com,ABCmouse.com,,PK-8,ABCmouse.com - ABCmouse.com (ABCmouse.com) -  - (PK-8),f15841ec76226037c2b3848be0ace17da9b62db0e32fce4539786b9f5ec2adeb
"K,1,2,3,4,5",ABCmouse.com,ABCmouse.com,,Math,Supplemental,3,f15841ec76226037c2b3848be0ace17da9b62db0e32fce4539786b9f5ec2adeb,All,Supplemental,ABCmouse.com,ABCmouse.com,ABCmouse.com,,PK-8,ABCmouse.com - ABCmouse.com (ABCmouse.com) -  - (PK-8),f15841ec76226037c2b3848be0ace17da9b62db0e32fce4539786b9f5ec2adeb
"PK,K,1,2",ABC Mouse Early Learning Academy,ABC Mouse,,Math,Supplemental,K,f15841ec76226037c2b3848be0ace17da9b62db0e32fce4539786b9f5ec2adeb,All,Supplemental,ABCmouse.com,ABCmouse.com,ABCmouse.com,,PK-8,ABCmouse.com - ABCmouse.com (ABCmouse.com) -  - (PK-8),f15841ec76226037c2b3848be0ace17da9b62db0e32fce4539786b9f5ec2adeb
"K,1,2,3,4,5",ABCmouse.com,ABCmouse.com,,ELA,Supplemental,3,f15841ec76226037c2b3848be0ace17da9b62db0e32fce4539786b9f5ec2adeb,All,Supplemental,ABCmouse.com,ABCmouse.com,ABCmouse.com,,PK-8,ABCmouse.com - ABCmouse.com (ABCmouse.com) -  - (PK-8),f15841ec76226037c2b3848be0ace17da9b62db0e32fce4539786b9f5ec2adeb
"6,7,8",ABCMouse,,,ELA,Supplemental,8,f15841ec76226037c2b3848be0ace17da9b62db0e32fce4539786b9f5ec2adeb,All,Supplemental,ABCmouse.com,ABCmouse.com,ABCmouse.com,,PK-8,ABCmouse.com - ABCmouse.com (ABCmouse.com) -  - (PK-8),f15841ec76226037c2b3848be0ace17da9b62db0e32fce4539786b9f5ec2adeb
"6,7,8",abcteach,,,ELA,Supplemental,7,d54ea0fb38917cb7b31c401734c700088982138eb3861ef9788e97d7eae9c9df,All,Supplemental,abcteach Resources,abcteach Resources,abcteach,,PK-12,abcteach Resources - abcteach Resources (abcteach) -  - (PK-12),d54ea0fb38917cb7b31c401734c700088982138eb3861ef9788e97d7eae9c9df
"K,1,2,3,4,5,PK",ABCYA,,,Math,Supplemental,PK,348307cfba9c25a96b94cb388168af6cafd043a101e6136dd9d97f7b9b258c5c,Math,Supplemental,ABCya!,ABCya!,IXL Learning,,PK-6,ABCya! - ABCya! (IXL Learning) -  - (PK-6),348307cfba9c25a96b94cb388168af6cafd043a101e6136dd9d97f7b9b258c5c
NI,ABCYA,,,Math,Supplemental,NI,348307cfba9c25a96b94cb388168af6cafd043a101e6136dd9d97f7b9b258c5c,Math,Supplemental,ABCya!,ABCya!,IXL Learning,,PK-6,ABCya! - ABCya! (IXL Learning) -  - (PK-6),348307cfba9c25a96b94cb388168af6cafd043a101e6136dd9d97f7b9b258c5c
"K,1,2,3,4,5,6",ABCYA,,,ELA,Supplemental,6,9d00bea96d97c032358e5382b8d8adaee61756b2a5393e8d3c7a11c2d1fd2a37,ELA,Supplemental,ABCya!,ABCya!,IXL Learning,,PK-6,ABCya! - ABCya! (IXL Learning) -  - (PK-6),9d00bea96d97c032358e5382b8d8adaee61756b2a5393e8d3c7a11c2d1fd2a37
"K,1,2,3,4,5",ABCya!,,,ELA,Supplemental,2,9d00bea96d97c032358e5382b8d8adaee61756b2a5393e8d3c7a11c2d1fd2a37,ELA,Supplemental,ABCya!,ABCya!,IXL Learning,,PK-6,ABCya! - ABCya! (IXL Learning) -  - (PK-6),9d00bea96d97c032358e5382b8d8adaee61756b2a5393e8d3c7a11c2d1fd2a37
"K,1,2,3,4,5,6,7,8,9,10,11,12",ABCya!,IXL Learning,2024,Math,Supplemental,10,348307cfba9c25a96b94cb388168af6cafd043a101e6136dd9d97f7b9b258c5c,Math,Supplemental,ABCya!,ABCya!,IXL Learning,,PK-6,ABCya! - ABCya! (IXL Learning) -  - (PK-6),348307cfba9c25a96b94cb388168af6cafd043a101e6136dd9d97f7b9b258c5c
"K,1,2,3,4,5,6,7,8,9,10,11,12",ABCya! ELA,IXL Learning,2024,ELA,Supplemental,1,9d00bea96d97c032358e5382b8d8adaee61756b2a5393e8d3c7a11c2d1fd2a37,ELA,Supplemental,ABCya!,ABCya!,IXL Learning,,PK-6,ABCya! - ABCya! (IXL Learning) -  - (PK-6),9d00bea96d97c032358e5382b8d8adaee61756b2a5393e8d3c7a11c2d1fd2a37
"K,1,2,3,4,5,6,7,8,9,10,11,12",ABCya!,IXL Learning,2024,Math,Supplemental,5,348307cfba9c25a96b94cb388168af6cafd043a101e6136dd9d97f7b9b258c5c,Math,Supplemental,ABCya!,ABCya!,IXL Learning,,PK-6,ABCya! - ABCya! (IXL Learning) -  - (PK-6),348307cfba9c25a96b94cb388168af6cafd043a101e6136dd9d97f7b9b258c5c
"K,1,2,3,4,5",ABCya,,,Math,Supplemental,2,9d00bea96d97c032358e5382b8d8adaee61756b2a5393e8d3c7a11c2d1fd2a37,ELA,Supplemental,ABCya!,ABCya!,IXL Learning,,PK-6,ABCya! - ABCya! (IXL Learning) -  - (PK-6),9d00bea96d97c032358e5382b8d8adaee61756b2a5393e8d3c7a11c2d1fd2a37
"6,7,8",ABCya,,,ELA,Supplemental,7,9d00bea96d97c032358e5382b8d8adaee61756b2a5393e8d3c7a11c2d1fd2a37,ELA,Supplemental,ABCya!,ABCya!,IXL Learning,,PK-6,ABCya! - ABCya! (IXL Learning) -  - (PK-6),9d00bea96d97c032358e5382b8d8adaee61756b2a5393e8d3c7a11c2d1fd2a37
"K,1,2,3,4,5",ABCya,,,Math,Supplemental,4,9d00bea96d97c032358e5382b8d8adaee61756b2a5393e8d3c7a11c2d1fd2a37,ELA,Supplemental,ABCya!,ABCya!,IXL Learning,,PK-6,ABCya! - ABCya! (IXL Learning) -  - (PK-6),9d00bea96d97c032358e5382b8d8adaee61756b2a5393e8d3c7a11c2d1fd2a37
"K,1,2,3,4,5,6",ABCYa!,,,ELA,Supplemental,3,9d00bea96d97c032358e5382b8d8adaee61756b2a5393e8d3c7a11c2d1fd2a37,ELA,Supplemental,ABCya!,ABCya!,IXL Learning,,PK-6,ABCya! - ABCya! (IXL Learning) -  - (PK-6),9d00bea96d97c032358e5382b8d8adaee61756b2a5393e8d3c7a11c2d1fd2a37
"K,1,2,3,4,5",ABCYa!,,,Math,Supplemental,K,348307cfba9c25a96b94cb388168af6cafd043a101e6136dd9d97f7b9b258c5c,Math,Supplemental,ABCya!,ABCya!,IXL Learning,,PK-6,ABCya! - ABCya! (IXL Learning) -  - (PK-6),348307cfba9c25a96b94cb388168af6cafd043a101e6136dd9d97f7b9b258c5c
"K,1,2,3,4,5,TK",ABCYa,,,ELA,Supplemental,3,9d00bea96d97c032358e5382b8d8adaee61756b2a5393e8d3c7a11c2d1fd2a37,ELA,Supplemental,ABCya!,ABCya!,IXL Learning,,PK-6,ABCya! - ABCya! (IXL Learning) -  - (PK-6),9d00bea96d97c032358e5382b8d8adaee61756b2a5393e8d3c7a11c2d1fd2a37
"K,1,2,3,4,5",ABCya!,ABCya!,,ELA,Supplemental,2,9d00bea96d97c032358e5382b8d8adaee61756b2a5393e8d3c7a11c2d1fd2a37,ELA,Supplemental,ABCya!,ABCya!,IXL Learning,,PK-6,ABCya! - ABCya! (IXL Learning) -  - (PK-6),9d00bea96d97c032358e5382b8d8adaee61756b2a5393e8d3c7a11c2d1fd2a37
"K,1,2,3,4,5",ABCya!,,,Math,Supplemental,4,348307cfba9c25a96b94cb388168af6cafd043a101e6136dd9d97f7b9b258c5c,Math,Supplemental,ABCya!,ABCya!,IXL Learning,,PK-6,ABCya! - ABCya! (IXL Learning) -  - (PK-6),348307cfba9c25a96b94cb388168af6cafd043a101e6136dd9d97f7b9b258c5c
"K,1,2,3,4,5",ABCYa!,,,Math,Supplemental,2,348307cfba9c25a96b94cb388168af6cafd043a101e6136dd9d97f7b9b258c5c,Math,Supplemental,ABCya!,ABCya!,IXL Learning,,PK-6,ABCya! - ABCya! (IXL Learning) -  - (PK-6),348307cfba9c25a96b94cb388168af6cafd043a101e6136dd9d97f7b9b258c5c
"K,1,2,3,4,5",ABCya!,ABCya!,,ELA,Supplemental,5,9d00bea96d97c032358e5382b8d8adaee61756b2a5393e8d3c7a11c2d1fd2a37,ELA,Supplemental,ABCya!,ABCya!,IXL Learning,,PK-6,ABCya! - ABCya! (IXL Learning) -  - (PK-6),9d00bea96d97c032358e5382b8d8adaee61756b2a5393e8d3c7a11c2d1fd2a37
NI,ABCya!,,,Math,Supplemental,NI,348307cfba9c25a96b94cb388168af6cafd043a101e6136dd9d97f7b9b258c5c,Math,Supplemental,ABCya!,ABCya!,IXL Learning,,PK-6,ABCya! - ABCya! (IXL Learning) -  - (PK-6),348307cfba9c25a96b94cb388168af6cafd043a101e6136dd9d97f7b9b258c5c
"K,1,2,3,4,5",ABCYya!,IXL Learning,2024,ELA,Supplemental,5,9d00bea96d97c032358e5382b8d8adaee61756b2a5393e8d3c7a11c2d1fd2a37,ELA,Supplemental,ABCya!,ABCya!,IXL Learning,,PK-6,ABCya! - ABCya! (IXL Learning) -  - (PK-6),9d00bea96d97c032358e5382b8d8adaee61756b2a5393e8d3c7a11c2d1fd2a37
"K,1,2,3,4,5",ABCya,IXL Learning,,Math,Supplemental,2,348307cfba9c25a96b94cb388168af6cafd043a101e6136dd9d97f7b9b258c5c,Math,Supplemental,ABCya!,ABCya!,IXL Learning,,PK-6,ABCya! - ABCya! (IXL Learning) -  - (PK-6),348307cfba9c25a96b94cb388168af6cafd043a101e6136dd9d97f7b9b258c5c
"K,1,2,3,4,5",ABCya!,IXL Learning,,Math,Supplemental,K,348307cfba9c25a96b94cb388168af6cafd043a101e6136dd9d97f7b9b258c5c,Math,Supplemental,ABCya!,ABCya!,IXL Learning,,PK-6,ABCya! - ABCya! (IXL Learning) -  - (PK-6),348307cfba9c25a96b94cb388168af6cafd043a101e6136dd9d97f7b9b258c5c
"K,1,2,3,4,5",ABCya!,IXL Learning,,ELA,Supplemental,1,9d00bea96d97c032358e5382b8d8adaee61756b2a5393e8d3c7a11c2d1fd2a37,ELA,Supplemental,ABCya!,ABCya!,IXL Learning,,PK-6,ABCya! - ABCya! (IXL Learning) -  - (PK-6),9d00bea96d97c032358e5382b8d8adaee61756b2a5393e8d3c7a11c2d1fd2a37
"K,1,2,3,4,5",ABCya,IXL Learning,,Math,Supplemental,K,348307cfba9c25a96b94cb388168af6cafd043a101e6136dd9d97f7b9b258c5c,Math,Supplemental,ABCya!,ABCya!,IXL Learning,,PK-6,ABCya! - ABCya! (IXL Learning) -  - (PK-6),348307cfba9c25a96b94cb388168af6cafd043a101e6136dd9d97f7b9b258c5c
"K,1,2,3,4,5",ABCya!,IXL Learning,,ELA,Supplemental,K,9d00bea96d97c032358e5382b8d8adaee61756b2a5393e8d3c7a11c2d1fd2a37,ELA,Supplemental,ABCya!,ABCya!,IXL Learning,,PK-6,ABCya! - ABCya! (IXL Learning) -  - (PK-6),9d00bea96d97c032358e5382b8d8adaee61756b2a5393e8d3c7a11c2d1fd2a37
"K,1,2,3,4,5,6",ABCya!,,,Math,Supplemental,1,348307cfba9c25a96b94cb388168af6cafd043a101e6136dd9d97f7b9b258c5c,Math,Supplemental,ABCya!,ABCya!,IXL Learning,,PK-6,ABCya! - ABCya! (IXL Learning) -  - (PK-6),348307cfba9c25a96b94cb388168af6cafd043a101e6136dd9d97f7b9b258c5c
"K,1,2,3,4,5",ABCya,IXL Learning,,ELA,Supplemental,K,9d00bea96d97c032358e5382b8d8adaee61756b2a5393e8d3c7a11c2d1fd2a37,ELA,Supplemental,ABCya!,ABCya!,IXL Learning,,PK-6,ABCya! - ABCya! (IXL Learning) -  - (PK-6),9d00bea96d97c032358e5382b8d8adaee61756b2a5393e8d3c7a11c2d1fd2a37
"K,1,2,3,4,5",ABCya,IXL Learning,,ELA,Supplemental,1,9d00bea96d97c032358e5382b8d8adaee61756b2a5393e8d3c7a11c2d1fd2a37,ELA,Supplemental,ABCya!,ABCya!,IXL Learning,,PK-6,ABCya! - ABCya! (IXL Learning) -  - (PK-6),9d00bea96d97c032358e5382b8d8adaee61756b2a5393e8d3c7a11c2d1fd2a37
"6,7,8",ABCya!,ABCYA,,Math,Supplemental,8,348307cfba9c25a96b94cb388168af6cafd043a101e6136dd9d97f7b9b258c5c,Math,Supplemental,ABCya!,ABCya!,IXL Learning,,PK-6,ABCya! - ABCya! (IXL Learning) -  - (PK-6),348307cfba9c25a96b94cb388168af6cafd043a101e6136dd9d97f7b9b258c5c
"K,1,2,3,4,5",ABCya!,ABCYA,,ELA,Supplemental,3,9d00bea96d97c032358e5382b8d8adaee61756b2a5393e8d3c7a11c2d1fd2a37,ELA,Supplemental,ABCya!,ABCya!,IXL Learning,,PK-6,ABCya! - ABCya! (IXL Learning) -  - (PK-6),9d00bea96d97c032358e5382b8d8adaee61756b2a5393e8d3c7a11c2d1fd2a37
"K,1,2,3,4,5,PK",ABCYa!,,,ELA,Supplemental,2,9d00bea96d97c032358e5382b8d8adaee61756b2a5393e8d3c7a11c2d1fd2a37,ELA,Supplemental,ABCya!,ABCya!,IXL Learning,,PK-6,ABCya! - ABCya! (IXL Learning) -  - (PK-6),9d00bea96d97c032358e5382b8d8adaee61756b2a5393e8d3c7a11c2d1fd2a37
"PK,K,1,2",ABCya!,,,ELA,Supplemental,1,9d00bea96d97c032358e5382b8d8adaee61756b2a5393e8d3c7a11c2d1fd2a37,ELA,Supplemental,ABCya!,ABCya!,IXL Learning,,PK-6,ABCya! - ABCya! (IXL Learning) -  - (PK-6),9d00bea96d97c032358e5382b8d8adaee61756b2a5393e8d3c7a11c2d1fd2a37
6,ABCya!,,,ELA,Supplemental,6,9d00bea96d97c032358e5382b8d8adaee61756b2a5393e8d3c7a11c2d1fd2a37,ELA,Supplemental,ABCya!,ABCya!,IXL Learning,,PK-6,ABCya! - ABCya! (IXL Learning) -  - (PK-6),9d00bea96d97c032358e5382b8d8adaee61756b2a5393e8d3c7a11c2d1fd2a37
"K,1,2,3,4,5",ABCYa,,,Math,Supplemental,5,348307cfba9c25a96b94cb388168af6cafd043a101e6136dd9d97f7b9b258c5c,Math,Supplemental,ABCya!,ABCya!,IXL Learning,,PK-6,ABCya! - ABCya! (IXL Learning) -  - (PK-6),348307cfba9c25a96b94cb388168af6cafd043a101e6136dd9d97f7b9b258c5c
"K,1,2,3,4,5",ABCYa,,,ELA,Supplemental,2,9d00bea96d97c032358e5382b8d8adaee61756b2a5393e8d3c7a11c2d1fd2a37,ELA,Supplemental,ABCya!,ABCya!,IXL Learning,,PK-6,ABCya! - ABCya! (IXL Learning) -  - (PK-6),9d00bea96d97c032358e5382b8d8adaee61756b2a5393e8d3c7a11c2d1fd2a37
"K,1,2,3,4,5",ABCYa,,,Math,Supplemental,2,348307cfba9c25a96b94cb388168af6cafd043a101e6136dd9d97f7b9b258c5c,Math,Supplemental,ABCya!,ABCya!,IXL Learning,,PK-6,ABCya! - ABCya! (IXL Learning) -  - (PK-6),348307cfba9c25a96b94cb388168af6cafd043a101e6136dd9d97f7b9b258c5c
"K,1,2,3,4,5,PK",ABCya! -ELA,IXL Learning,2024,ELA,Supplemental,2,9d00bea96d97c032358e5382b8d8adaee61756b2a5393e8d3c7a11c2d1fd2a37,ELA,Supplemental,ABCya!,ABCya!,IXL Learning,,PK-6,ABCya! - ABCya! (IXL Learning) -  - (PK-6),9d00bea96d97c032358e5382b8d8adaee61756b2a5393e8d3c7a11c2d1fd2a37
"K,1,2,3,4,5,6,PK",ABCya!,IXL Learning,,Math,Supplemental,K,348307cfba9c25a96b94cb388168af6cafd043a101e6136dd9d97f7b9b258c5c,Math,Supplemental,ABCya!,ABCya!,IXL Learning,,PK-6,ABCya! - ABCya! (IXL Learning) -  - (PK-6),348307cfba9c25a96b94cb388168af6cafd043a101e6136dd9d97f7b9b258c5c
"K,1,2,3,4,5",ABC Ya!,,,Math,Supplemental,2,348307cfba9c25a96b94cb388168af6cafd043a101e6136dd9d97f7b9b258c5c,Math,Supplemental,ABCya!,ABCya!,IXL Learning,,PK-6,ABCya! - ABCya! (IXL Learning) -  - (PK-6),348307cfba9c25a96b94cb388168af6cafd043a101e6136dd9d97f7b9b258c5c
"K,1,2,3,4,5",ABCya,,,ELA,Supplemental,1,9d00bea96d97c032358e5382b8d8adaee61756b2a5393e8d3c7a11c2d1fd2a37,ELA,Supplemental,ABCya!,ABCya!,IXL Learning,,PK-6,ABCya! - ABCya! (IXL Learning) -  - (PK-6),9d00bea96d97c032358e5382b8d8adaee61756b2a5393e8d3c7a11c2d1fd2a37
"K,1,2,3,4,5",ABCya,,,ELA,Supplemental,3,9d00bea96d97c032358e5382b8d8adaee61756b2a5393e8d3c7a11c2d1fd2a37,ELA,Supplemental,ABCya!,ABCya!,IXL Learning,,PK-6,ABCya! - ABCya! (IXL Learning) -  - (PK-6),9d00bea96d97c032358e5382b8d8adaee61756b2a5393e8d3c7a11c2d1fd2a37
"K,1,2,3,4,5",ABCya,,,Math,Supplemental,K,348307cfba9c25a96b94cb388168af6cafd043a101e6136dd9d97f7b9b258c5c,Math,Supplemental,ABCya!,ABCya!,IXL Learning,,PK-6,ABCya! - ABCya! (IXL Learning) -  - (PK-6),348307cfba9c25a96b94cb388168af6cafd043a101e6136dd9d97f7b9b258c5c
"K,1,2,3,4,5",ABCya!: Math,IXL Learning,2024,Math,Supplemental,K,348307cfba9c25a96b94cb388168af6cafd043a101e6136dd9d97f7b9b258c5c,Math,Supplemental,ABCya!,ABCya!,IXL Learning,,PK-6,ABCya! - ABCya! (IXL Learning) -  - (PK-6),348307cfba9c25a96b94cb388168af6cafd043a101e6136dd9d97f7b9b258c5c
"K,1,2,3,4,5",ABCYA,,,ELA,Supplemental,4,9d00bea96d97c032358e5382b8d8adaee61756b2a5393e8d3c7a11c2d1fd2a37,ELA,Supplemental,ABCya!,ABCya!,IXL Learning,,PK-6,ABCya! - ABCya! (IXL Learning) -  - (PK-6),9d00bea96d97c032358e5382b8d8adaee61756b2a5393e8d3c7a11c2d1fd2a37
"K,1,2,3,4,5",ABCya!,,,ELA,Supplemental,3,348307cfba9c25a96b94cb388168af6cafd043a101e6136dd9d97f7b9b258c5c,Math,Supplemental,ABCya!,ABCya!,IXL Learning,,PK-6,ABCya! - ABCya! (IXL Learning) -  - (PK-6),348307cfba9c25a96b94cb388168af6cafd043a101e6136dd9d97f7b9b258c5c
"K,1,2,3,4,5,TK",ABCYa,,,ELA,Supplemental,5,9d00bea96d97c032358e5382b8d8adaee61756b2a5393e8d3c7a11c2d1fd2a37,ELA,Supplemental,ABCya!,ABCya!,IXL Learning,,PK-6,ABCya! - ABCya! (IXL Learning) -  - (PK-6),9d00bea96d97c032358e5382b8d8adaee61756b2a5393e8d3c7a11c2d1fd2a37
"6,7,8",ABCYa,,,Math,Supplemental,7,348307cfba9c25a96b94cb388168af6cafd043a101e6136dd9d97f7b9b258c5c,Math,Supplemental,ABCya!,ABCya!,IXL Learning,,PK-6,ABCya! - ABCya! (IXL Learning) -  - (PK-6),348307cfba9c25a96b94cb388168af6cafd043a101e6136dd9d97f7b9b258c5c
"K,1,2,3,4,5,TK",ABCYa,,,Math,Supplemental,TK,348307cfba9c25a96b94cb388168af6cafd043a101e6136dd9d97f7b9b258c5c,Math,Supplemental,ABCya!,ABCya!,IXL Learning,,PK-6,ABCya! - ABCya! (IXL Learning) -  - (PK-6),348307cfba9c25a96b94cb388168af6cafd043a101e6136dd9d97f7b9b258c5c
"1,2,3,4,5",ABCya!,,,ELA,Supplemental,3,9d00bea96d97c032358e5382b8d8adaee61756b2a5393e8d3c7a11c2d1fd2a37,ELA,Supplemental,ABCya!,ABCya!,IXL Learning,,PK-6,ABCya! - ABCya! (IXL Learning) -  - (PK-6),9d00bea96d97c032358e5382b8d8adaee61756b2a5393e8d3c7a11c2d1fd2a37
"TK,1,K,2,3,4,5",ABCya!,IXL Learning,2024,ELA,Supplemental,K,9d00bea96d97c032358e5382b8d8adaee61756b2a5393e8d3c7a11c2d1fd2a37,ELA,Supplemental,ABCya!,ABCya!,IXL Learning,,PK-6,ABCya! - ABCya! (IXL Learning) -  - (PK-6),9d00bea96d97c032358e5382b8d8adaee61756b2a5393e8d3c7a11c2d1fd2a37
NI,ABCya,,,ELA,Supplemental,NI,9d00bea96d97c032358e5382b8d8adaee61756b2a5393e8d3c7a11c2d1fd2a37,ELA,Supplemental,ABCya!,ABCya!,IXL Learning,,PK-6,ABCya! - ABCya! (IXL Learning) -  - (PK-6),9d00bea96d97c032358e5382b8d8adaee61756b2a5393e8d3c7a11c2d1fd2a37
"K,1,2,3,4,5",ABCya!,IXL,,Math,Supplemental,1,348307cfba9c25a96b94cb388168af6cafd043a101e6136dd9d97f7b9b258c5c,Math,Supplemental,ABCya!,ABCya!,IXL Learning,,PK-6,ABCya! - ABCya! (IXL Learning) -  - (PK-6),348307cfba9c25a96b94cb388168af6cafd043a101e6136dd9d97f7b9b258c5c
"K,1,2,3,4,5",ABCya!,IXL,,ELA,Supplemental,3,9d00bea96d97c032358e5382b8d8adaee61756b2a5393e8d3c7a11c2d1fd2a37,ELA,Supplemental,ABCya!,ABCya!,IXL Learning,,PK-6,ABCya! - ABCya! (IXL Learning) -  - (PK-6),9d00bea96d97c032358e5382b8d8adaee61756b2a5393e8d3c7a11c2d1fd2a37
"K,1,2,3,4,5",ABCYa,,,Math,Supplemental,4,348307cfba9c25a96b94cb388168af6cafd043a101e6136dd9d97f7b9b258c5c,Math,Supplemental,ABCya!,ABCya!,IXL Learning,,PK-6,ABCya! - ABCya! (IXL Learning) -  - (PK-6),348307cfba9c25a96b94cb388168af6cafd043a101e6136dd9d97f7b9b258c5c
"K,1,2,3,4,5,PK",ABCya!,,,ELA,Supplemental,3,9d00bea96d97c032358e5382b8d8adaee61756b2a5393e8d3c7a11c2d1fd2a37,ELA,Supplemental,ABCya!,ABCya!,IXL Learning,,PK-6,ABCya! - ABCya! (IXL Learning) -  - (PK-6),9d00bea96d97c032358e5382b8d8adaee61756b2a5393e8d3c7a11c2d1fd2a37
"K,1,2,3,4,5,PK",ABCYa,,,Math,Supplemental,5,348307cfba9c25a96b94cb388168af6cafd043a101e6136dd9d97f7b9b258c5c,Math,Supplemental,ABCya!,ABCya!,IXL Learning,,PK-6,ABCya! - ABCya! (IXL Learning) -  - (PK-6),348307cfba9c25a96b94cb388168af6cafd043a101e6136dd9d97f7b9b258c5c
"K,1,2,3,4,5",ABCya!,,,ELA,Supplemental,1,9d00bea96d97c032358e5382b8d8adaee61756b2a5393e8d3c7a11c2d1fd2a37,ELA,Supplemental,ABCya!,ABCya!,IXL Learning,,PK-6,ABCya! - ABCya! (IXL Learning) -  - (PK-6),9d00bea96d97c032358e5382b8d8adaee61756b2a5393e8d3c7a11c2d1fd2a37
"K,1,2,3,4,5",ABCYA,,,ELA,Supplemental,K,9d00bea96d97c032358e5382b8d8adaee61756b2a5393e8d3c7a11c2d1fd2a37,ELA,Supplemental,ABCya!,ABCya!,IXL Learning,,PK-6,ABCya! - ABCya! (IXL Learning) -  - (PK-6),9d00bea96d97c032358e5382b8d8adaee61756b2a5393e8d3c7a11c2d1fd2a37
"K,1,2,3,4,5,PK",ABCya,,,ELA,Supplemental,3,9d00bea96d97c032358e5382b8d8adaee61756b2a5393e8d3c7a11c2d1fd2a37,ELA,Supplemental,ABCya!,ABCya!,IXL Learning,,PK-6,ABCya! - ABCya! (IXL Learning) -  - (PK-6),9d00bea96d97c032358e5382b8d8adaee61756b2a5393e8d3c7a11c2d1fd2a37
"1,2,4",ABCya!,IXL Learning,,Math,Supplemental,4,348307cfba9c25a96b94cb388168af6cafd043a101e6136dd9d97f7b9b258c5c,Math,Supplemental,ABCya!,ABCya!,IXL Learning,,PK-6,ABCya! - ABCya! (IXL Learning) -  - (PK-6),348307cfba9c25a96b94cb388168af6cafd043a101e6136dd9d97f7b9b258c5c
"K,1,2,3,4,5,PK",ABCya,IXL Learning,,Math,Supplemental,3,348307cfba9c25a96b94cb388168af6cafd043a101e6136dd9d97f7b9b258c5c,Math,Supplemental,ABCya!,ABCya!,IXL Learning,,PK-6,ABCya! - ABCya! (IXL Learning) -  - (PK-6),348307cfba9c25a96b94cb388168af6cafd043a101e6136dd9d97f7b9b258c5c
"K,1,2,3,4,5",ABCya!,,,ELA,Supplemental,4,9d00bea96d97c032358e5382b8d8adaee61756b2a5393e8d3c7a11c2d1fd2a37,ELA,Supplemental,ABCya!,ABCya!,IXL Learning,,PK-6,ABCya! - ABCya! (IXL Learning) -  - (PK-6),9d00bea96d97c032358e5382b8d8adaee61756b2a5393e8d3c7a11c2d1fd2a37
"K,1,2,3,4,5",ABCYA.com,,,Math,Supplemental,2,348307cfba9c25a96b94cb388168af6cafd043a101e6136dd9d97f7b9b258c5c,Math,Supplemental,ABCya!,ABCya!,IXL Learning,,PK-6,ABCya! - ABCya! (IXL Learning) -  - (PK-6),348307cfba9c25a96b94cb388168af6cafd043a101e6136dd9d97f7b9b258c5c
"K,1,2,3,4,5,6",ABCya!,IXL Learning,,ELA,Supplemental,3,9d00bea96d97c032358e5382b8d8adaee61756b2a5393e8d3c7a11c2d1fd2a37,ELA,Supplemental,ABCya!,ABCya!,IXL Learning,,PK-6,ABCya! - ABCya! (IXL Learning) -  - (PK-6),9d00bea96d97c032358e5382b8d8adaee61756b2a5393e8d3c7a11c2d1fd2a37
"K,1,2,3,4,5",ABCya!,ABCya! (IXL Learning) - (PK-6),,ELA,Supplemental,3,9d00bea96d97c032358e5382b8d8adaee61756b2a5393e8d3c7a11c2d1fd2a37,ELA,Supplemental,ABCya!,ABCya!,IXL Learning,,PK-6,ABCya! - ABCya! (IXL Learning) -  - (PK-6),9d00bea96d97c032358e5382b8d8adaee61756b2a5393e8d3c7a11c2d1fd2a37
"K,1,2,3,4,5,6,7,8",Acadience,,,Math,Assessment,6,50d146dedcc8cfc5cdd5363ef249e130f654f259a371e5441feef377a68a4e2c,Math,Assessment,Acadience Math,Acadience Assessments,Acadience Learning,,K-6,Acadience Assessments - Acadience Math (Acadience Learning) -  - (K-6),50d146dedcc8cfc5cdd5363ef249e130f654f259a371e5441feef377a68a4e2c
"K,1,2,3,4,5,6",Acadience Mathematics,,,Math,Assessment,6,50d146dedcc8cfc5cdd5363ef249e130f654f259a371e5441feef377a68a4e2c,Math,Assessment,Acadience Math,Acadience Assessments,Acadience Learning,,K-6,Acadience Assessments - Acadience Math (Acadience Learning) -  - (K-6),50d146dedcc8cfc5cdd5363ef249e130f654f259a371e5441feef377a68a4e2c
"K,1,2",Acadience,,,Math,Assessment,2,50d146dedcc8cfc5cdd5363ef249e130f654f259a371e5441feef377a68a4e2c,Math,Assessment,Acadience Math,Acadience Assessments,Acadience Learning,,K-6,Acadience Assessments - Acadience Math (Acadience Learning) -  - (K-6),50d146dedcc8cfc5cdd5363ef249e130f654f259a371e5441feef377a68a4e2c
"K,1,2,3,4,5,6",Acadience Math,,,Math,Assessment,5,50d146dedcc8cfc5cdd5363ef249e130f654f259a371e5441feef377a68a4e2c,Math,Assessment,Acadience Math,Acadience Assessments,Acadience Learning,,K-6,Acadience Assessments - Acadience Math (Acadience Learning) -  - (K-6),50d146dedcc8cfc5cdd5363ef249e130f654f259a371e5441feef377a68a4e2c
"K,1,2,3",Acadience,Acadience,,Math,Assessment,2,50d146dedcc8cfc5cdd5363ef249e130f654f259a371e5441feef377a68a4e2c,Math,Assessment,Acadience Math,Acadience Assessments,Acadience Learning,,K-6,Acadience Assessments - Acadience Math (Acadience Learning) -  - (K-6),50d146dedcc8cfc5cdd5363ef249e130f654f259a371e5441feef377a68a4e2c
"K,1,2,3,4,5",Acadience Math,,,Math,Assessment,2,50d146dedcc8cfc5cdd5363ef249e130f654f259a371e5441feef377a68a4e2c,Math,Assessment,Acadience Math,Acadience Assessments,Acadience Learning,,K-6,Acadience Assessments - Acadience Math (Acadience Learning) -  - (K-6),50d146dedcc8cfc5cdd5363ef249e130f654f259a371e5441feef377a68a4e2c
"1,2,3",Acadience Math,,,Math,Assessment,3,50d146dedcc8cfc5cdd5363ef249e130f654f259a371e5441feef377a68a4e2c,Math,Assessment,Acadience Math,Acadience Assessments,Acadience Learning,,K-6,Acadience Assessments - Acadience Math (Acadience Learning) -  - (K-6),50d146dedcc8cfc5cdd5363ef249e130f654f259a371e5441feef377a68a4e2c
"K,1,2,3,4,5,6",Acadience Math,,,Math,Assessment,3,50d146dedcc8cfc5cdd5363ef249e130f654f259a371e5441feef377a68a4e2c,Math,Assessment,Acadience Math,Acadience Assessments,Acadience Learning,,K-6,Acadience Assessments - Acadience Math (Acadience Learning) -  - (K-6),50d146dedcc8cfc5cdd5363ef249e130f654f259a371e5441feef377a68a4e2c
"K,1,2,3",Acadience Math,,,Math,Assessment,1,50d146dedcc8cfc5cdd5363ef249e130f654f259a371e5441feef377a68a4e2c,Math,Assessment,Acadience Math,Acadience Assessments,Acadience Learning,,K-6,Acadience Assessments - Acadience Math (Acadience Learning) -  - (K-6),50d146dedcc8cfc5cdd5363ef249e130f654f259a371e5441feef377a68a4e2c
"K,1,2",Acadience Math,Acadience Learning,,Math,Assessment,K,50d146dedcc8cfc5cdd5363ef249e130f654f259a371e5441feef377a68a4e2c,Math,Assessment,Acadience Math,Acadience Assessments,Acadience Learning,,K-6,Acadience Assessments - Acadience Math (Acadience Learning) -  - (K-6),50d146dedcc8cfc5cdd5363ef249e130f654f259a371e5441feef377a68a4e2c
"K,1,2,3,4,5",Acadience,,,Math,Assessment,3,50d146dedcc8cfc5cdd5363ef249e130f654f259a371e5441feef377a68a4e2c,Math,Assessment,Acadience Math,Acadience Assessments,Acadience Learning,,K-6,Acadience Assessments - Acadience Math (Acadience Learning) -  - (K-6),50d146dedcc8cfc5cdd5363ef249e130f654f259a371e5441feef377a68a4e2c
"K,1,2,3",Acadience,,,Math,Assessment,1,50d146dedcc8cfc5cdd5363ef249e130f654f259a371e5441feef377a68a4e2c,Math,Assessment,Acadience Math,Acadience Assessments,Acadience Learning,,K-6,Acadience Assessments - Acadience Math (Acadience Learning) -  - (K-6),50d146dedcc8cfc5cdd5363ef249e130f654f259a371e5441feef377a68a4e2c
"K,1,2,3",Acadience Math,,,Math,Assessment,3,50d146dedcc8cfc5cdd5363ef249e130f654f259a371e5441feef377a68a4e2c,Math,Assessment,Acadience Math,Acadience Assessments,Acadience Learning,,K-6,Acadience Assessments - Acadience Math (Acadience Learning) -  - (K-6),50d146dedcc8cfc5cdd5363ef249e130f654f259a371e5441feef377a68a4e2c
"2,3,1",Acadience Mathematics,,,Math,Assessment,3,50d146dedcc8cfc5cdd5363ef249e130f654f259a371e5441feef377a68a4e2c,Math,Assessment,Acadience Math,Acadience Assessments,Acadience Learning,,K-6,Acadience Assessments - Acadience Math (Acadience Learning) -  - (K-6),50d146dedcc8cfc5cdd5363ef249e130f654f259a371e5441feef377a68a4e2c
"K,1,2,3",Acadience Math,,,Math,Assessment,2,50d146dedcc8cfc5cdd5363ef249e130f654f259a371e5441feef377a68a4e2c,Math,Assessment,Acadience Math,Acadience Assessments,Acadience Learning,,K-6,Acadience Assessments - Acadience Math (Acadience Learning) -  - (K-6),50d146dedcc8cfc5cdd5363ef249e130f654f259a371e5441feef377a68a4e2c
"K,1,2,3,4,5,6",Acadience Reading,,,ELA,Assessment,6,1bd4d211015bee75c8dab7bbc6439ef1c3d8a5df5fb696e7b349351f8683006b,ELA,Assessment,Acadience Reading (FKA DIBELS Next),Acadience Assessments,Acadience Learning,,PK-8,Acadience Assessments - Acadience Reading (FKA DIBELS Next) (Acadience Learning) -  - (PK-8),1bd4d211015bee75c8dab7bbc6439ef1c3d8a5df5fb696e7b349351f8683006b
"K,1,2,3,4,5",DIBELS Next,,,ELA,Assessment,2,1bd4d211015bee75c8dab7bbc6439ef1c3d8a5df5fb696e7b349351f8683006b,ELA,Assessment,Acadience Reading (FKA DIBELS Next),Acadience Assessments,Acadience Learning,,PK-8,Acadience Assessments - Acadience Reading (FKA DIBELS Next) (Acadience Learning) -  - (PK-8),1bd4d211015bee75c8dab7bbc6439ef1c3d8a5df5fb696e7b349351f8683006b
"K,1,2,3",Acadience Reading,,,ELA,Assessment,2,1bd4d211015bee75c8dab7bbc6439ef1c3d8a5df5fb696e7b349351f8683006b,ELA,Assessment,Acadience Reading (FKA DIBELS Next),Acadience Assessments,Acadience Learning,,PK-8,Acadience Assessments - Acadience Reading (FKA DIBELS Next) (Acadience Learning) -  - (PK-8),1bd4d211015bee75c8dab7bbc6439ef1c3d8a5df5fb696e7b349351f8683006b
"K,1,2,3,4,5",DIBELS Next,,,ELA,Assessment,1,1bd4d211015bee75c8dab7bbc6439ef1c3d8a5df5fb696e7b349351f8683006b,ELA,Assessment,Acadience Reading (FKA DIBELS Next),Acadience Assessments,Acadience Learning,,PK-8,Acadience Assessments - Acadience Reading (FKA DIBELS Next) (Acadience Learning) -  - (PK-8),1bd4d211015bee75c8dab7bbc6439ef1c3d8a5df5fb696e7b349351f8683006b
"K,2,3,1",Acadience DIBELS,,,ELA,Assessment,2,1bd4d211015bee75c8dab7bbc6439ef1c3d8a5df5fb696e7b349351f8683006b,ELA,Assessment,Acadience Reading (FKA DIBELS Next),Acadience Assessments,Acadience Learning,,PK-8,Acadience Assessments - Acadience Reading (FKA DIBELS Next) (Acadience Learning) -  - (PK-8),1bd4d211015bee75c8dab7bbc6439ef1c3d8a5df5fb696e7b349351f8683006b
"K,2,1",Acadience,,,ELA,Assessment,2,1bd4d211015bee75c8dab7bbc6439ef1c3d8a5df5fb696e7b349351f8683006b,ELA,Assessment,Acadience Reading (FKA DIBELS Next),Acadience Assessments,Acadience Learning,,PK-8,Acadience Assessments - Acadience Reading (FKA DIBELS Next) (Acadience Learning) -  - (PK-8),1bd4d211015bee75c8dab7bbc6439ef1c3d8a5df5fb696e7b349351f8683006b
NI,Acadience,,,Math,Assessment,NI,1bd4d211015bee75c8dab7bbc6439ef1c3d8a5df5fb696e7b349351f8683006b,ELA,Assessment,Acadience Reading (FKA DIBELS Next),Acadience Assessments,Acadience Learning,,PK-8,Acadience Assessments - Acadience Reading (FKA DIBELS Next) (Acadience Learning) -  - (PK-8),1bd4d211015bee75c8dab7bbc6439ef1c3d8a5df5fb696e7b349351f8683006b
"K,1,2,3",Acadience,Acadience,,ELA,Assessment,3,1bd4d211015bee75c8dab7bbc6439ef1c3d8a5df5fb696e7b349351f8683006b,ELA,Assessment,Acadience Reading (FKA DIBELS Next),Acadience Assessments,Acadience Learning,,PK-8,Acadience Assessments - Acadience Reading (FKA DIBELS Next) (Acadience Learning) -  - (PK-8),1bd4d211015bee75c8dab7bbc6439ef1c3d8a5df5fb696e7b349351f8683006b
"K,1,2,3,4,5",Acadience Reading (DIBELS),,,ELA,Assessment,3,1bd4d211015bee75c8dab7bbc6439ef1c3d8a5df5fb696e7b349351f8683006b,ELA,Assessment,Acadience Reading (FKA DIBELS Next),Acadience Assessments,Acadience Learning,,PK-8,Acadience Assessments - Acadience Reading (FKA DIBELS Next) (Acadience Learning) -  - (PK-8),1bd4d211015bee75c8dab7bbc6439ef1c3d8a5df5fb696e7b349351f8683006b
"K,1,2",DIBELS Next,,,ELA,Assessment,2,1bd4d211015bee75c8dab7bbc6439ef1c3d8a5df5fb696e7b349351f8683006b,ELA,Assessment,Acadience Reading (FKA DIBELS Next),Acadience Assessments,Acadience Learning,,PK-8,Acadience Assessments - Acadience Reading (FKA DIBELS Next) (Acadience Learning) -  - (PK-8),1bd4d211015bee75c8dab7bbc6439ef1c3d8a5df5fb696e7b349351f8683006b
"K,1,2,3,4,5,6",Acadience Reading,,,ELA,Assessment,2,1bd4d211015bee75c8dab7bbc6439ef1c3d8a5df5fb696e7b349351f8683006b,ELA,Assessment,Acadience Reading (FKA DIBELS Next),Acadience Assessments,Acadience Learning,,PK-8,Acadience Assessments - Acadience Reading (FKA DIBELS Next) (Acadience Learning) -  - (PK-8),1bd4d211015bee75c8dab7bbc6439ef1c3d8a5df5fb696e7b349351f8683006b
"K,1,2,3,4,5,6",Acadience,,,ELA,Assessment,2,1bd4d211015bee75c8dab7bbc6439ef1c3d8a5df5fb696e7b349351f8683006b,ELA,Assessment,Acadience Reading (FKA DIBELS Next),Acadience Assessments,Acadience Learning,,PK-8,Acadience Assessments - Acadience Reading (FKA DIBELS Next) (Acadience Learning) -  - (PK-8),1bd4d211015bee75c8dab7bbc6439ef1c3d8a5df5fb696e7b349351f8683006b
"TK,K,1",DIBELS Next,,,ELA,Assessment,K,1bd4d211015bee75c8dab7bbc6439ef1c3d8a5df5fb696e7b349351f8683006b,ELA,Assessment,Acadience Reading (FKA DIBELS Next),Acadience Assessments,Acadience Learning,,PK-8,Acadience Assessments - Acadience Reading (FKA DIBELS Next) (Acadience Learning) -  - (PK-8),1bd4d211015bee75c8dab7bbc6439ef1c3d8a5df5fb696e7b349351f8683006b
"K,1,2,3,4,5,6",Acadience Reading,,,ELA,Assessment,K,1bd4d211015bee75c8dab7bbc6439ef1c3d8a5df5fb696e7b349351f8683006b,ELA,Assessment,Acadience Reading (FKA DIBELS Next),Acadience Assessments,Acadience Learning,,PK-8,Acadience Assessments - Acadience Reading (FKA DIBELS Next) (Acadience Learning) -  - (PK-8),1bd4d211015bee75c8dab7bbc6439ef1c3d8a5df5fb696e7b349351f8683006b
"K,1,2,3,4,5",Acadience Screener,,,ELA,Assessment,1,1bd4d211015bee75c8dab7bbc6439ef1c3d8a5df5fb696e7b349351f8683006b,ELA,Assessment,Acadience Reading (FKA DIBELS Next),Acadience Assessments,Acadience Learning,,PK-8,Acadience Assessments - Acadience Reading (FKA DIBELS Next) (Acadience Learning) -  - (PK-8),1bd4d211015bee75c8dab7bbc6439ef1c3d8a5df5fb696e7b349351f8683006b
NI,Acadience,,,ELA,Assessment,NI,1bd4d211015bee75c8dab7bbc6439ef1c3d8a5df5fb696e7b349351f8683006b,ELA,Assessment,Acadience Reading (FKA DIBELS Next),Acadience Assessments,Acadience Learning,,PK-8,Acadience Assessments - Acadience Reading (FKA DIBELS Next) (Acadience Learning) -  - (PK-8),1bd4d211015bee75c8dab7bbc6439ef1c3d8a5df5fb696e7b349351f8683006b
"K,1,2,3,4,5",Acadience,,,ELA,Assessment,2,1bd4d211015bee75c8dab7bbc6439ef1c3d8a5df5fb696e7b349351f8683006b,ELA,Assessment,Acadience Reading (FKA DIBELS Next),Acadience Assessments,Acadience Learning,,PK-8,Acadience Assessments - Acadience Reading (FKA DIBELS Next) (Acadience Learning) -  - (PK-8),1bd4d211015bee75c8dab7bbc6439ef1c3d8a5df5fb696e7b349351f8683006b
"K,1,2,3,4,5",Acadience Reading (DIBELS),,,ELA,Assessment,4,1bd4d211015bee75c8dab7bbc6439ef1c3d8a5df5fb696e7b349351f8683006b,ELA,Assessment,Acadience Reading (FKA DIBELS Next),Acadience Assessments,Acadience Learning,,PK-8,Acadience Assessments - Acadience Reading (FKA DIBELS Next) (Acadience Learning) -  - (PK-8),1bd4d211015bee75c8dab7bbc6439ef1c3d8a5df5fb696e7b349351f8683006b
"K,1,2,3,4,5,6",Acadience Reading,,,ELA,Assessment,1,1bd4d211015bee75c8dab7bbc6439ef1c3d8a5df5fb696e7b349351f8683006b,ELA,Assessment,Acadience Reading (FKA DIBELS Next),Acadience Assessments,Acadience Learning,,PK-8,Acadience Assessments - Acadience Reading (FKA DIBELS Next) (Acadience Learning) -  - (PK-8),1bd4d211015bee75c8dab7bbc6439ef1c3d8a5df5fb696e7b349351f8683006b
"K,1,2,3,4,5,6",Acadience Reading,,,ELA,Assessment,4,1bd4d211015bee75c8dab7bbc6439ef1c3d8a5df5fb696e7b349351f8683006b,ELA,Assessment,Acadience Reading (FKA DIBELS Next),Acadience Assessments,Acadience Learning,,PK-8,Acadience Assessments - Acadience Reading (FKA DIBELS Next) (Acadience Learning) -  - (PK-8),1bd4d211015bee75c8dab7bbc6439ef1c3d8a5df5fb696e7b349351f8683006b
"K,1,2,3",Acadience,,,ELA,Assessment,K,1bd4d211015bee75c8dab7bbc6439ef1c3d8a5df5fb696e7b349351f8683006b,ELA,Assessment,Acadience Reading (FKA DIBELS Next),Acadience Assessments,Acadience Learning,,PK-8,Acadience Assessments - Acadience Reading (FKA DIBELS Next) (Acadience Learning) -  - (PK-8),1bd4d211015bee75c8dab7bbc6439ef1c3d8a5df5fb696e7b349351f8683006b
"K,1,2,3,5,4",Acadience Learning Online Assessment,Acadience Learning,,ELA,Assessment,K,1bd4d211015bee75c8dab7bbc6439ef1c3d8a5df5fb696e7b349351f8683006b,ELA,Assessment,Acadience Reading (FKA DIBELS Next),Acadience Assessments,Acadience Learning,,PK-8,Acadience Assessments - Acadience Reading (FKA DIBELS Next) (Acadience Learning) -  - (PK-8),1bd4d211015bee75c8dab7bbc6439ef1c3d8a5df5fb696e7b349351f8683006b
"K,1,2,3,4,5,6",Beginning of Year Acadience Reading,,,ELA,Assessment,5,1bd4d211015bee75c8dab7bbc6439ef1c3d8a5df5fb696e7b349351f8683006b,ELA,Assessment,Acadience Reading (FKA DIBELS Next),Acadience Assessments,Acadience Learning,,PK-8,Acadience Assessments - Acadience Reading (FKA DIBELS Next) (Acadience Learning) -  - (PK-8),1bd4d211015bee75c8dab7bbc6439ef1c3d8a5df5fb696e7b349351f8683006b
"K,1,2,3,4,5",Acadience Reading,,,ELA,Supplemental,3,1bd4d211015bee75c8dab7bbc6439ef1c3d8a5df5fb696e7b349351f8683006b,ELA,Assessment,Acadience Reading (FKA DIBELS Next),Acadience Assessments,Acadience Learning,,PK-8,Acadience Assessments - Acadience Reading (FKA DIBELS Next) (Acadience Learning) -  - (PK-8),1bd4d211015bee75c8dab7bbc6439ef1c3d8a5df5fb696e7b349351f8683006b
"K,1,2,3,4,5",DIBELS Next,,,ELA,Assessment,4,1bd4d211015bee75c8dab7bbc6439ef1c3d8a5df5fb696e7b349351f8683006b,ELA,Assessment,Acadience Reading (FKA DIBELS Next),Acadience Assessments,Acadience Learning,,PK-8,Acadience Assessments - Acadience Reading (FKA DIBELS Next) (Acadience Learning) -  - (PK-8),1bd4d211015bee75c8dab7bbc6439ef1c3d8a5df5fb696e7b349351f8683006b
"K,1,2,3,4,5,6",DIBELS,,,ELA,Assessment,5,1bd4d211015bee75c8dab7bbc6439ef1c3d8a5df5fb696e7b349351f8683006b,ELA,Assessment,Acadience Reading (FKA DIBELS Next),Acadience Assessments,Acadience Learning,,PK-8,Acadience Assessments - Acadience Reading (FKA DIBELS Next) (Acadience Learning) -  - (PK-8),1bd4d211015bee75c8dab7bbc6439ef1c3d8a5df5fb696e7b349351f8683006b
"K,1,2,3,4,5",Acadience,,,ELA,Assessment,K,1bd4d211015bee75c8dab7bbc6439ef1c3d8a5df5fb696e7b349351f8683006b,ELA,Assessment,Acadience Reading (FKA DIBELS Next),Acadience Assessments,Acadience Learning,,PK-8,Acadience Assessments - Acadience Reading (FKA DIBELS Next) (Acadience Learning) -  - (PK-8),1bd4d211015bee75c8dab7bbc6439ef1c3d8a5df5fb696e7b349351f8683006b
"K,1,2,3,4,5",Acadience Reading,,,ELA,Assessment,5,1bd4d211015bee75c8dab7bbc6439ef1c3d8a5df5fb696e7b349351f8683006b,ELA,Assessment,Acadience Reading (FKA DIBELS Next),Acadience Assessments,Acadience Learning,,PK-8,Acadience Assessments - Acadience Reading (FKA DIBELS Next) (Acadience Learning) -  - (PK-8),1bd4d211015bee75c8dab7bbc6439ef1c3d8a5df5fb696e7b349351f8683006b
"K,1,2,3,4,5",Acadience Math,Acadience Learning,,ELA,Assessment,K,1bd4d211015bee75c8dab7bbc6439ef1c3d8a5df5fb696e7b349351f8683006b,ELA,Assessment,Acadience Reading (FKA DIBELS Next),Acadience Assessments,Acadience Learning,,PK-8,Acadience Assessments - Acadience Reading (FKA DIBELS Next) (Acadience Learning) -  - (PK-8),1bd4d211015bee75c8dab7bbc6439ef1c3d8a5df5fb696e7b349351f8683006b
"K,1,2,3",Acadience Assessments: ELA: K-3,Acadience Learning,,ELA,Assessment,K,1bd4d211015bee75c8dab7bbc6439ef1c3d8a5df5fb696e7b349351f8683006b,ELA,Assessment,Acadience Reading (FKA DIBELS Next),Acadience Assessments,Acadience Learning,,PK-8,Acadience Assessments - Acadience Reading (FKA DIBELS Next) (Acadience Learning) -  - (PK-8),1bd4d211015bee75c8dab7bbc6439ef1c3d8a5df5fb696e7b349351f8683006b
"K,1,2,3,4,5",Acaletics Math Club,,,Math,Supplemental,4,d1c6a1bfe1565036928341329fe63ab71f28cb16d30ea281bd57c87a3b186bab,Math,Supplemental,Acaletics,Acaletics,Educational Development Associates,,K-12,Acaletics - Acaletics (Educational Development Associates) -  - (K-12),d1c6a1bfe1565036928341329fe63ab71f28cb16d30ea281bd57c87a3b186bab
"K,1,2,3,4,5",Accelerate Education,,,ELA,Core Curriculum,2,9d486d8cbb2b831595a72ab2851d14ca386788f9d0be7ece639f716c2510840e,ELA,Core Curriculum,Accelerate Online: ELA,Accelerate Online Courses,Accelerate Education,2022,K-12,Accelerate Online Courses - Accelerate Online: ELA (Accelerate Education) - 2022 - (K-12),9d486d8cbb2b831595a72ab2851d14ca386788f9d0be7ece639f716c2510840e
"9,10,11,12",Integrated Math 1,,,Math,Core Curriculum,9,5857507d675ca35379c92d1e9d67975a8bb53bf2cc4181c1539fc9b3e6521249,Math,Core Curriculum,Accelerate Online: Integrated Math,Accelerate Online Courses,Accelerate Education,2022,12-Sep,Accelerate Online Courses - Accelerate Online: Integrated Math (Accelerate Education) - 2022 - (9-12),5857507d675ca35379c92d1e9d67975a8bb53bf2cc4181c1539fc9b3e6521249
"K,1,2,3,4,5,6,7,8,9,10,11,12",Accelerate Education,,,Math,Core Curriculum,7,5857507d675ca35379c92d1e9d67975a8bb53bf2cc4181c1539fc9b3e6521249,Math,Core Curriculum,Accelerate Online: Integrated Math,Accelerate Online Courses,Accelerate Education,2022,12-Sep,Accelerate Online Courses - Accelerate Online: Integrated Math (Accelerate Education) - 2022 - (9-12),5857507d675ca35379c92d1e9d67975a8bb53bf2cc4181c1539fc9b3e6521249
"K,1,2,3,4,5,6,7,8,9,10,11,12",Accelerate Education,,,Math,Core Curriculum,11,5857507d675ca35379c92d1e9d67975a8bb53bf2cc4181c1539fc9b3e6521249,Math,Core Curriculum,Accelerate Online: Integrated Math,Accelerate Online Courses,Accelerate Education,2022,12-Sep,Accelerate Online Courses - Accelerate Online: Integrated Math (Accelerate Education) - 2022 - (9-12),5857507d675ca35379c92d1e9d67975a8bb53bf2cc4181c1539fc9b3e6521249
"9,10,11,12",Accelerate Learning,Accelerate Education,,Math,Supplemental,11,79911cad57418a804ce7197ba006f2f71b904421fe140ed5964dcd30b6c68928,Math,Core Curriculum,Accelerate Online: Math K-8,Accelerate Online Courses,Accelerate Education,2022,K-8,Accelerate Online Courses - Accelerate Online: Math K-8 (Accelerate Education) - 2022 - (K-8),79911cad57418a804ce7197ba006f2f71b904421fe140ed5964dcd30b6c68928
"K,1,2,3,4,5",Accelerate Math,,,Math,Supplemental,1,79911cad57418a804ce7197ba006f2f71b904421fe140ed5964dcd30b6c68928,Math,Core Curriculum,Accelerate Online: Math K-8,Accelerate Online Courses,Accelerate Education,2022,K-8,Accelerate Online Courses - Accelerate Online: Math K-8 (Accelerate Education) - 2022 - (K-8),79911cad57418a804ce7197ba006f2f71b904421fe140ed5964dcd30b6c68928
"6,7,8",Accelerate Education,,,Math,Core Curriculum,8,79911cad57418a804ce7197ba006f2f71b904421fe140ed5964dcd30b6c68928,Math,Core Curriculum,Accelerate Online: Math K-8,Accelerate Online Courses,Accelerate Education,2022,K-8,Accelerate Online Courses - Accelerate Online: Math K-8 (Accelerate Education) - 2022 - (K-8),79911cad57418a804ce7197ba006f2f71b904421fe140ed5964dcd30b6c68928
"K,1,2,3,4,5",Accelerated Reader,,,ELA,Supplemental,5,6f509317ee90b6b109be3e328fe82c5ea40951498304c1639547c4945eaa4b07,ELA,Supplemental,Accelerated Reader,Accelerated Reader,Renaissance,2022,PK-12,Accelerated Reader - Accelerated Reader (Renaissance) - 2022 - (PK-12),6f509317ee90b6b109be3e328fe82c5ea40951498304c1639547c4945eaa4b07
"K,1,2,3,4,5",Accelerated Reader,Renaissance,,ELA,Supplemental,4,6f509317ee90b6b109be3e328fe82c5ea40951498304c1639547c4945eaa4b07,ELA,Supplemental,Accelerated Reader,Accelerated Reader,Renaissance,2022,PK-12,Accelerated Reader - Accelerated Reader (Renaissance) - 2022 - (PK-12),6f509317ee90b6b109be3e328fe82c5ea40951498304c1639547c4945eaa4b07
"K,1,2,3,4,5",Accelerated Reader,,,ELA,Supplemental,3,6f509317ee90b6b109be3e328fe82c5ea40951498304c1639547c4945eaa4b07,ELA,Supplemental,Accelerated Reader,Accelerated Reader,Renaissance,2022,PK-12,Accelerated Reader - Accelerated Reader (Renaissance) - 2022 - (PK-12),6f509317ee90b6b109be3e328fe82c5ea40951498304c1639547c4945eaa4b07
"6,7,8",Accelerated Reader,,,ELA,Supplemental,8,6f509317ee90b6b109be3e328fe82c5ea40951498304c1639547c4945eaa4b07,ELA,Supplemental,Accelerated Reader,Accelerated Reader,Renaissance,2022,PK-12,Accelerated Reader - Accelerated Reader (Renaissance) - 2022 - (PK-12),6f509317ee90b6b109be3e328fe82c5ea40951498304c1639547c4945eaa4b07
"K,1,2,3,4,5",Accelerated Reader,,,ELA,Supplemental,2,6f509317ee90b6b109be3e328fe82c5ea40951498304c1639547c4945eaa4b07,ELA,Supplemental,Accelerated Reader,Accelerated Reader,Renaissance,2022,PK-12,Accelerated Reader - Accelerated Reader (Renaissance) - 2022 - (PK-12),6f509317ee90b6b109be3e328fe82c5ea40951498304c1639547c4945eaa4b07
"9,10,11,12",Accelerated Reader Book Finder,,,ELA,Supplemental,12,6f509317ee90b6b109be3e328fe82c5ea40951498304c1639547c4945eaa4b07,ELA,Supplemental,Accelerated Reader,Accelerated Reader,Renaissance,2022,PK-12,Accelerated Reader - Accelerated Reader (Renaissance) - 2022 - (PK-12),6f509317ee90b6b109be3e328fe82c5ea40951498304c1639547c4945eaa4b07
"6,7,8",Accelerated Reader Book Finder,,,ELA,Supplemental,6,6f509317ee90b6b109be3e328fe82c5ea40951498304c1639547c4945eaa4b07,ELA,Supplemental,Accelerated Reader,Accelerated Reader,Renaissance,2022,PK-12,Accelerated Reader - Accelerated Reader (Renaissance) - 2022 - (PK-12),6f509317ee90b6b109be3e328fe82c5ea40951498304c1639547c4945eaa4b07
"9,10,11,12",Accelerated Reader Book Finder,,,ELA,Supplemental,11,6f509317ee90b6b109be3e328fe82c5ea40951498304c1639547c4945eaa4b07,ELA,Supplemental,Accelerated Reader,Accelerated Reader,Renaissance,2022,PK-12,Accelerated Reader - Accelerated Reader (Renaissance) - 2022 - (PK-12),6f509317ee90b6b109be3e328fe82c5ea40951498304c1639547c4945eaa4b07
"K,1,2,3,4,5",Accelerated Reader Book Finder,,,ELA,Supplemental,5,6f509317ee90b6b109be3e328fe82c5ea40951498304c1639547c4945eaa4b07,ELA,Supplemental,Accelerated Reader,Accelerated Reader,Renaissance,2022,PK-12,Accelerated Reader - Accelerated Reader (Renaissance) - 2022 - (PK-12),6f509317ee90b6b109be3e328fe82c5ea40951498304c1639547c4945eaa4b07
